,abnormality idx,abnormality type,acquisition type,assessment score,bbox,breast density,calc distribution,calc morphology,image_file,mask_file,modality,num abnormalities,pathology,patient_id,side,subtlety,view,name,mass margins,mass shape,associated findings
2024,1,mass,digitized,5,"[937, 2184, 1846, 3335]",4,,,./data/CBIS-DDSM/Mass-Test_P_00016_LEFT_CC/10-04-2016-DDSM-30104/1.000000-full mammogram images-14172/1-1.dcm,./data/CBIS-DDSM/Mass-Test_P_00016_LEFT_CC_1/10-04-2016-DDSM-09887/1.000000-cropped images-26184/1-1.dcm,MG,1,malignant,P_00016,left,5,cc,P_00016_LEFT_CC_mass_1,SPICULATED,IRREGULAR,
804,1,mass,digitized,5,"[1192, 3247, 2011, 4399]",4,,,./data/CBIS-DDSM/Mass-Test_P_00016_LEFT_MLO/10-04-2016-DDSM-54392/1.000000-full mammogram images-35518/1-1.dcm,./data/CBIS-DDSM/Mass-Test_P_00016_LEFT_MLO_1/10-04-2016-DDSM-15563/1.000000-cropped images-77287/1-1.dcm,MG,1,malignant,P_00016,left,5,mlo,P_00016_LEFT_MLO_mass_1,SPICULATED,IRREGULAR,
2208,1,mass,digitized,5,"[436, 877, 1587, 2029]",3,,,./data/CBIS-DDSM/Mass-Training_P_00034_RIGHT_CC/07-20-2016-DDSM-32405/1.000000-full mammogram images-96906/1-1.dcm,./data/CBIS-DDSM/Mass-Training_P_00034_RIGHT_CC_1/07-21-2016-DDSM-86295/1.000000-ROI mask images-95197/1-2.dcm,MG,1,malignant,P_00034,right,4,cc,P_00034_RIGHT_CC_mass_1,SPICULATED,IRREGULAR,
2833,1,mass,digitized,5,"[1387, 1629, 2538, 2780]",3,,,./data/CBIS-DDSM/Mass-Training_P_00034_RIGHT_MLO/07-20-2016-DDSM-61638/1.000000-full mammogram images-97637/1-1.dcm,./data/CBIS-DDSM/Mass-Training_P_00034_RIGHT_MLO_1/07-21-2016-DDSM-45234/1.000000-ROI mask images-90712/1-2.dcm,MG,1,malignant,P_00034,right,4,mlo,P_00034_RIGHT_MLO_mass_1,SPICULATED,IRREGULAR,
3379,1,mass,digitized,5,"[760, 2792, 1911, 3944]",2,,,./data/CBIS-DDSM/Mass-Training_P_00039_RIGHT_CC/07-20-2016-DDSM-89888/1.000000-full mammogram images-69392/1-1.dcm,./data/CBIS-DDSM/Mass-Training_P_00039_RIGHT_CC_1/07-21-2016-DDSM-03714/1.000000-ROI mask images-72286/1-1.dcm,MG,1,malignant,P_00039,right,5,cc,P_00039_RIGHT_CC_mass_1,SPICULATED,IRREGULAR,
3253,1,mass,digitized,5,"[1218, 3210, 2369, 4362]",2,,,./data/CBIS-DDSM/Mass-Training_P_00039_RIGHT_MLO/07-20-2016-DDSM-34862/1.000000-full mammogram images-49660/1-1.dcm,./data/CBIS-DDSM/Mass-Training_P_00039_RIGHT_MLO_1/07-21-2016-DDSM-82715/1.000000-ROI mask images-05753/1-2.dcm,MG,1,malignant,P_00039,right,5,mlo,P_00039_RIGHT_MLO_mass_1,SPICULATED,IRREGULAR,
2742,1,mass,digitized,5,"[836, 2689, 1988, 3841]",1,,,./data/CBIS-DDSM/Mass-Training_P_00057_RIGHT_CC/07-20-2016-DDSM-98685/1.000000-full mammogram images-74367/1-1.dcm,./data/CBIS-DDSM/Mass-Training_P_00057_RIGHT_CC_1/07-21-2016-DDSM-75865/1.000000-ROI mask images-46688/1-1.dcm,MG,1,malignant,P_00057,right,5,cc,P_00057_RIGHT_CC_mass_1,SPICULATED,OVAL,
1810,1,mass,digitized,5,"[876, 2196, 2027, 3347]",1,,,./data/CBIS-DDSM/Mass-Training_P_00057_RIGHT_MLO/07-20-2016-DDSM-16745/1.000000-full mammogram images-42220/1-1.dcm,./data/CBIS-DDSM/Mass-Training_P_00057_RIGHT_MLO_1/07-21-2016-DDSM-58435/1.000000-ROI mask images-30373/1-1.dcm,MG,1,malignant,P_00057,right,5,mlo,P_00057_RIGHT_MLO_mass_1,SPICULATED,OVAL,
2120,1,mass,digitized,4,"[1392, 2576, 2544, 3727]",2,,,./data/CBIS-DDSM/Mass-Training_P_00086_RIGHT_CC/07-20-2016-DDSM-51666/1.000000-full mammogram images-06178/1-1.dcm,./data/CBIS-DDSM/Mass-Training_P_00086_RIGHT_CC_1/07-21-2016-DDSM-87353/1.000000-ROI mask images-55847/1-1.dcm,MG,1,malignant,P_00086,right,4,cc,P_00086_RIGHT_CC_mass_1,MICROLOBULATED-ILL_DEFINED-SPICULATED,IRREGULAR-ARCHITECTURAL_DISTORTION,
2703,1,mass,digitized,4,"[1583, 2180, 2734, 3331]",2,,,./data/CBIS-DDSM/Mass-Training_P_00086_RIGHT_MLO/07-20-2016-DDSM-94365/1.000000-full mammogram images-83640/1-1.dcm,./data/CBIS-DDSM/Mass-Training_P_00086_RIGHT_MLO_1/07-21-2016-DDSM-35981/1.000000-ROI mask images-77758/1-1.dcm,MG,1,malignant,P_00086,right,4,mlo,P_00086_RIGHT_MLO_mass_1,MICROLOBULATED-ILL_DEFINED-SPICULATED,IRREGULAR-ARCHITECTURAL_DISTORTION,
113,1,mass,digitized,3,"[278, 796, 1429, 1948]",2,,,./data/CBIS-DDSM/Mass-Training_P_00090_LEFT_CC/07-20-2016-DDSM-17431/1.000000-full mammogram images-39438/1-1.dcm,./data/CBIS-DDSM/Mass-Training_P_00090_LEFT_CC_1/07-21-2016-DDSM-28224/1.000000-ROI mask images-94977/1-1.dcm,MG,1,benign,P_00090,left,3,cc,P_00090_LEFT_CC_mass_1,ILL_DEFINED,IRREGULAR,
2467,1,mass,digitized,4,"[607, 1456, 1758, 2608]",2,,,./data/CBIS-DDSM/Mass-Training_P_00090_LEFT_MLO/07-20-2016-DDSM-32458/1.000000-full mammogram images-81561/1-1.dcm,./data/CBIS-DDSM/Mass-Training_P_00090_LEFT_MLO_1/07-21-2016-DDSM-16240/1.000000-ROI mask images-21499/1-2.dcm,MG,1,benign,P_00090,left,4,mlo,P_00090_LEFT_MLO_mass_1,ILL_DEFINED,IRREGULAR,
2888,1,mass,digitized,4,"[0, 1166, 820, 2317]",2,,,./data/CBIS-DDSM/Mass-Training_P_00092_LEFT_CC/07-20-2016-DDSM-53080/1.000000-full mammogram images-86861/1-1.dcm,./data/CBIS-DDSM/Mass-Training_P_00092_LEFT_CC_1/07-21-2016-DDSM-64684/1.000000-ROI mask images-30319/1-1.dcm,MG,1,malignant,P_00092,left,5,cc,P_00092_LEFT_CC_mass_1,CIRCUMSCRIBED,OVAL,
959,2,mass,digitized,4,"[0, 2051, 962, 3203]",2,,,./data/CBIS-DDSM/Mass-Training_P_00092_LEFT_MLO/07-20-2016-DDSM-44447/1.000000-full mammogram images-04321/1-1.dcm,./data/CBIS-DDSM/Mass-Training_P_00092_LEFT_MLO_2/07-21-2016-DDSM-67490/1.000000-ROI mask images-34225/1-1.dcm,MG,2,malignant,P_00092,left,5,mlo,P_00092_LEFT_MLO_mass_2,CIRCUMSCRIBED,ROUND,
2307,1,mass,digitized,5,"[0, 171, 989, 1323]",2,,,./data/CBIS-DDSM/Mass-Training_P_00092_LEFT_MLO/07-20-2016-DDSM-44447/1.000000-full mammogram images-04321/1-1.dcm,./data/CBIS-DDSM/Mass-Training_P_00092_LEFT_MLO_1/07-21-2016-DDSM-53492/1.000000-ROI mask images-77708/1-1.dcm,MG,2,malignant,P_00092,left,5,mlo,P_00092_LEFT_MLO_mass_1,CIRCUMSCRIBED,OVAL,
1724,1,mass,digitized,4,"[1928, 2313, 2552, 3465]",2,,,./data/CBIS-DDSM/Mass-Training_P_00092_RIGHT_CC/07-20-2016-DDSM-99385/1.000000-full mammogram images-38862/1-1.dcm,./data/CBIS-DDSM/Mass-Training_P_00092_RIGHT_CC_1/07-21-2016-DDSM-78643/1.000000-ROI mask images-00859/1-2.dcm,MG,1,malignant,P_00092,right,5,cc,P_00092_RIGHT_CC_mass_1,CIRCUMSCRIBED,ROUND,
1492,2,mass,digitized,4,"[1378, 1585, 2392, 2737]",2,,,./data/CBIS-DDSM/Mass-Training_P_00092_RIGHT_MLO/07-20-2016-DDSM-85160/1.000000-full mammogram images-27444/1-1.dcm,./data/CBIS-DDSM/Mass-Training_P_00092_RIGHT_MLO_2/07-21-2016-DDSM-77975/1.000000-ROI mask images-97674/1-1.dcm,MG,2,malignant,P_00092,right,5,mlo,P_00092_RIGHT_MLO_mass_2,CIRCUMSCRIBED,ROUND,
2690,1,mass,digitized,4,"[1388, 54, 2392, 1205]",2,,,./data/CBIS-DDSM/Mass-Training_P_00092_RIGHT_MLO/07-20-2016-DDSM-85160/1.000000-full mammogram images-27444/1-1.dcm,./data/CBIS-DDSM/Mass-Training_P_00092_RIGHT_MLO_1/07-21-2016-DDSM-61563/1.000000-ROI mask images-38483/1-1.dcm,MG,2,malignant,P_00092,right,5,mlo,P_00092_RIGHT_MLO_mass_1,CIRCUMSCRIBED,ROUND,
1250,1,mass,digitized,4,"[685, 2526, 1837, 3677]",2,,,./data/CBIS-DDSM/Mass-Test_P_00099_LEFT_MLO/10-04-2016-DDSM-11792/1.000000-full mammogram images-31816/1-1.dcm,./data/CBIS-DDSM/Mass-Test_P_00099_LEFT_MLO_1/10-04-2016-DDSM-82819/1.000000-ROI mask images-77308/1-2.dcm,MG,1,benign,P_00099,left,4,mlo,P_00099_LEFT_MLO_mass_1,CIRCUMSCRIBED,ROUND,
354,1,mass,digitized,3,"[1143, 1396, 2294, 2548]",2,,,./data/CBIS-DDSM/Mass-Training_P_00107_RIGHT_MLO/07-20-2016-DDSM-04283/1.000000-full mammogram images-02668/1-1.dcm,./data/CBIS-DDSM/Mass-Training_P_00107_RIGHT_MLO_1/07-21-2016-DDSM-38024/1.000000-ROI mask images-80980/1-1.dcm,MG,1,benign,P_00107,right,3,mlo,P_00107_RIGHT_MLO_mass_1,CIRCUMSCRIBED,ROUND,
3386,1,mass,digitized,4,"[522, 2377, 1673, 3528]",3,,,./data/CBIS-DDSM/Mass-Training_P_00109_LEFT_CC/07-20-2016-DDSM-41810/1.000000-full mammogram images-48305/1-1.dcm,./data/CBIS-DDSM/Mass-Training_P_00109_LEFT_CC_1/07-21-2016-DDSM-44166/1.000000-ROI mask images-37725/1-2.dcm,MG,1,benign,P_00109,left,1,cc,P_00109_LEFT_CC_mass_1,ILL_DEFINED,LOBULATED,
1642,1,mass,digitized,4,"[351, 2434, 1503, 3585]",3,,,./data/CBIS-DDSM/Mass-Training_P_00128_LEFT_CC/07-20-2016-DDSM-51330/1.000000-full mammogram images-83239/1-1.dcm,./data/CBIS-DDSM/Mass-Training_P_00128_LEFT_CC_1/07-21-2016-DDSM-52010/1.000000-ROI mask images-30921/1-2.dcm,MG,1,malignant,P_00128,left,2,cc,P_00128_LEFT_CC_mass_1,ILL_DEFINED,ARCHITECTURAL_DISTORTION,
3248,1,mass,digitized,5,"[368, 952, 1520, 2103]",1,,,./data/CBIS-DDSM/Mass-Training_P_00133_LEFT_CC/07-20-2016-DDSM-83748/1.000000-full mammogram images-26005/1-1.dcm,./data/CBIS-DDSM/Mass-Training_P_00133_LEFT_CC_1/07-21-2016-DDSM-55995/1.000000-ROI mask images-61030/1-1.dcm,MG,1,malignant,P_00133,left,5,cc,P_00133_LEFT_CC_mass_1,SPICULATED,IRREGULAR,
3311,1,mass,digitized,5,"[510, 1680, 1662, 2832]",1,,,./data/CBIS-DDSM/Mass-Training_P_00133_LEFT_MLO/07-20-2016-DDSM-50682/1.000000-full mammogram images-37471/1-1.dcm,./data/CBIS-DDSM/Mass-Training_P_00133_LEFT_MLO_1/07-21-2016-DDSM-45357/1.000000-ROI mask images-55596/1-1.dcm,MG,1,malignant,P_00133,left,5,mlo,P_00133_LEFT_MLO_mass_1,ILL_DEFINED,IRREGULAR,
821,1,mass,digitized,3,"[73, 2189, 1224, 3340]",4,,,./data/CBIS-DDSM/Mass-Training_P_00137_LEFT_CC/07-20-2016-DDSM-96507/1.000000-full mammogram images-82190/1-1.dcm,./data/CBIS-DDSM/Mass-Training_P_00137_LEFT_CC_1/07-21-2016-DDSM-30038/1.000000-ROI mask images-70185/1-1.dcm,MG,1,benign,P_00137,left,3,cc,P_00137_LEFT_CC_mass_1,CIRCUMSCRIBED,ROUND,
3481,1,mass,digitized,3,"[310, 2052, 1462, 3203]",4,,,./data/CBIS-DDSM/Mass-Training_P_00137_LEFT_MLO/07-20-2016-DDSM-67458/1.000000-full mammogram images-35858/1-1.dcm,./data/CBIS-DDSM/Mass-Training_P_00137_LEFT_MLO_1/07-21-2016-DDSM-18494/1.000000-ROI mask images-15619/1-2.dcm,MG,1,benign,P_00137,left,3,mlo,P_00137_LEFT_MLO_mass_1,CIRCUMSCRIBED,ROUND,
937,1,mass,digitized,5,"[1761, 1839, 2768, 2991]",1,,,./data/CBIS-DDSM/Mass-Training_P_00174_RIGHT_CC/07-20-2016-DDSM-06104/1.000000-full mammogram images-25716/1-1.dcm,./data/CBIS-DDSM/Mass-Training_P_00174_RIGHT_CC_1/07-21-2016-DDSM-96664/1.000000-ROI mask images-82049/1-2.dcm,MG,1,malignant,P_00174,right,5,cc,P_00174_RIGHT_CC_mass_1,SPICULATED,IRREGULAR,
2152,1,mass,digitized,5,"[1306, 2071, 2457, 3222]",1,,,./data/CBIS-DDSM/Mass-Training_P_00174_RIGHT_MLO/07-20-2016-DDSM-54440/1.000000-full mammogram images-68950/1-1.dcm,./data/CBIS-DDSM/Mass-Training_P_00174_RIGHT_MLO_1/07-21-2016-DDSM-05398/1.000000-ROI mask images-71405/1-2.dcm,MG,1,malignant,P_00174,right,5,mlo,P_00174_RIGHT_MLO_mass_1,SPICULATED,IRREGULAR,
3169,1,mass,digitized,4,"[2144, 928, 2976, 2080]",4,,,./data/CBIS-DDSM/Mass-Training_P_00175_RIGHT_CC/07-20-2016-DDSM-66095/1.000000-full mammogram images-90126/1-1.dcm,./data/CBIS-DDSM/Mass-Training_P_00175_RIGHT_CC_1/07-21-2016-DDSM-90580/1.000000-ROI mask images-28066/1-1.dcm,MG,1,malignant,P_00175,right,3,cc,P_00175_RIGHT_CC_mass_1,OBSCURED,IRREGULAR,
1380,1,mass,digitized,4,"[1619, 1093, 2770, 2245]",4,,,./data/CBIS-DDSM/Mass-Training_P_00175_RIGHT_MLO/07-20-2016-DDSM-42564/1.000000-full mammogram images-38327/1-1.dcm,./data/CBIS-DDSM/Mass-Training_P_00175_RIGHT_MLO_1/07-21-2016-DDSM-48616/1.000000-ROI mask images-16216/1-1.dcm,MG,1,malignant,P_00175,right,3,mlo,P_00175_RIGHT_MLO_mass_1,OBSCURED-ILL_DEFINED,IRREGULAR-ARCHITECTURAL_DISTORTION,
2893,1,mass,digitized,4,"[2091, 1939, 3243, 3090]",4,,,./data/CBIS-DDSM/Mass-Test_P_00192_RIGHT_CC/10-04-2016-DDSM-40063/1.000000-full mammogram images-47853/1-1.dcm,./data/CBIS-DDSM/Mass-Test_P_00192_RIGHT_CC_1/10-04-2016-DDSM-43116/1.000000-ROI mask images-84137/1-1.dcm,MG,1,benign,P_00192,right,2,cc,P_00192_RIGHT_CC_mass_1,CIRCUMSCRIBED,LOBULATED,
659,1,mass,digitized,4,"[2026, 2364, 3177, 3515]",3,,,./data/CBIS-DDSM/Mass-Test_P_00203_LEFT_CC/10-04-2016-DDSM-42866/1.000000-full mammogram images-81026/1-1.dcm,./data/CBIS-DDSM/Mass-Test_P_00203_LEFT_CC_1/10-04-2016-DDSM-04091/1.000000-ROI mask images-26722/1-2.dcm,MG,1,benign,P_00203,left,3,cc,P_00203_LEFT_CC_mass_1,CIRCUMSCRIBED-OBSCURED,LOBULATED,
547,1,mass,digitized,4,"[1679, 2736, 2831, 3887]",3,,,./data/CBIS-DDSM/Mass-Test_P_00203_LEFT_MLO/10-04-2016-DDSM-01428/1.000000-full mammogram images-31981/1-1.dcm,./data/CBIS-DDSM/Mass-Test_P_00203_LEFT_MLO_1/10-04-2016-DDSM-53687/1.000000-ROI mask images-26414/1-2.dcm,MG,1,benign,P_00203,left,3,mlo,P_00203_LEFT_MLO_mass_1,CIRCUMSCRIBED-OBSCURED,LOBULATED,
3199,1,mass,digitized,3,"[2993, 2031, 3736, 3182]",3,,,./data/CBIS-DDSM/Mass-Training_P_00206_RIGHT_MLO/07-20-2016-DDSM-40097/1.000000-full mammogram images-92414/1-1.dcm,./data/CBIS-DDSM/Mass-Training_P_00206_RIGHT_MLO_1/07-21-2016-DDSM-62345/1.000000-ROI mask images-21063/1-2.dcm,MG,1,benign,P_00206,right,4,mlo,P_00206_RIGHT_MLO_mass_1,OBSCURED,OVAL,
359,2,mass,digitized,4,"[21, 2012, 1172, 3164]",1,,,./data/CBIS-DDSM/Mass-Training_P_00207_LEFT_CC/07-20-2016-DDSM-94476/1.000000-full mammogram images-34416/1-1.dcm,./data/CBIS-DDSM/Mass-Training_P_00207_LEFT_CC_2/07-21-2016-DDSM-45635/1.000000-ROI mask images-65850/1-1.dcm,MG,3,malignant,P_00207,left,5,cc,P_00207_LEFT_CC_mass_2,MICROLOBULATED,OVAL,
1286,1,mass,digitized,4,"[78, 1707, 1230, 2858]",1,,,./data/CBIS-DDSM/Mass-Training_P_00207_LEFT_CC/07-20-2016-DDSM-94476/1.000000-full mammogram images-34416/1-1.dcm,./data/CBIS-DDSM/Mass-Training_P_00207_LEFT_CC_1/07-21-2016-DDSM-78797/1.000000-ROI mask images-18395/1-1.dcm,MG,3,malignant,P_00207,left,5,cc,P_00207_LEFT_CC_mass_1,MICROLOBULATED,OVAL,
2576,3,mass,digitized,4,"[130, 2275, 1282, 3426]",1,,,./data/CBIS-DDSM/Mass-Training_P_00207_LEFT_CC/07-20-2016-DDSM-94476/1.000000-full mammogram images-34416/1-1.dcm,./data/CBIS-DDSM/Mass-Training_P_00207_LEFT_CC_3/07-21-2016-DDSM-42623/1.000000-ROI mask images-29845/1-1.dcm,MG,3,malignant,P_00207,left,5,cc,P_00207_LEFT_CC_mass_3,MICROLOBULATED,OVAL,
266,1,mass,digitized,4,"[229, 2884, 1381, 4036]",1,,,./data/CBIS-DDSM/Mass-Training_P_00207_LEFT_MLO/07-20-2016-DDSM-87787/1.000000-full mammogram images-89195/1-1.dcm,./data/CBIS-DDSM/Mass-Training_P_00207_LEFT_MLO_1/07-21-2016-DDSM-51767/1.000000-ROI mask images-91129/1-1.dcm,MG,3,malignant,P_00207,left,5,mlo,P_00207_LEFT_MLO_mass_1,MICROLOBULATED,OVAL,
2890,3,mass,digitized,4,"[462, 1972, 1614, 3124]",1,,,./data/CBIS-DDSM/Mass-Training_P_00207_LEFT_MLO/07-20-2016-DDSM-87787/1.000000-full mammogram images-89195/1-1.dcm,./data/CBIS-DDSM/Mass-Training_P_00207_LEFT_MLO_3/07-21-2016-DDSM-50417/1.000000-ROI mask images-20838/1-2.dcm,MG,3,malignant,P_00207,left,5,mlo,P_00207_LEFT_MLO_mass_3,MICROLOBULATED,OVAL,
3439,2,mass,digitized,4,"[176, 2502, 1327, 3654]",1,,,./data/CBIS-DDSM/Mass-Training_P_00207_LEFT_MLO/07-20-2016-DDSM-87787/1.000000-full mammogram images-89195/1-1.dcm,./data/CBIS-DDSM/Mass-Training_P_00207_LEFT_MLO_2/07-21-2016-DDSM-15038/1.000000-ROI mask images-77072/1-2.dcm,MG,3,malignant,P_00207,left,5,mlo,P_00207_LEFT_MLO_mass_2,MICROLOBULATED,OVAL,
2949,3,mass,digitized,3,"[3222, 2645, 4136, 3796]",3,,,./data/CBIS-DDSM/Mass-Training_P_00208_RIGHT_MLO/07-20-2016-DDSM-39317/1.000000-full mammogram images-85232/1-1.dcm,./data/CBIS-DDSM/Mass-Training_P_00208_RIGHT_MLO_3/07-21-2016-DDSM-51330/1.000000-ROI mask images-67703/1-2.dcm,MG,1,benign,P_00208,right,5,mlo,P_00208_RIGHT_MLO_mass_3,CIRCUMSCRIBED,LOBULATED,
1699,1,mass,digitized,4,"[2341, 805, 3048, 1957]",3,,,./data/CBIS-DDSM/Mass-Training_P_00219_RIGHT_CC/07-20-2016-DDSM-19846/1.000000-full mammogram images-11085/1-1.dcm,./data/CBIS-DDSM/Mass-Training_P_00219_RIGHT_CC_1/07-21-2016-DDSM-16593/1.000000-ROI mask images-66572/1-1.dcm,MG,1,benign,P_00219,right,3,cc,P_00219_RIGHT_CC_mass_1,OBSCURED-ILL_DEFINED,IRREGULAR,
2345,1,mass,digitized,3,"[712, 3399, 1863, 4550]",2,,,./data/CBIS-DDSM/Mass-Training_P_00221_RIGHT_MLO/07-20-2016-DDSM-20128/1.000000-full mammogram images-88901/1-1.dcm,./data/CBIS-DDSM/Mass-Training_P_00221_RIGHT_MLO_1/07-21-2016-DDSM-67567/1.000000-ROI mask images-61621/1-2.dcm,MG,1,benign,P_00221,right,3,mlo,P_00221_RIGHT_MLO_mass_1,CIRCUMSCRIBED,ROUND,
1560,1,mass,digitized,3,"[0, 608, 684, 1759]",2,,,./data/CBIS-DDSM/Mass-Training_P_00229_LEFT_CC/07-20-2016-DDSM-13530/1.000000-full mammogram images-69408/1-1.dcm,./data/CBIS-DDSM/Mass-Training_P_00229_LEFT_CC_1/07-21-2016-DDSM-72704/1.000000-ROI mask images-74883/1-2.dcm,MG,1,benign,P_00229,left,5,cc,P_00229_LEFT_CC_mass_1,MICROLOBULATED,ROUND,
2181,1,mass,digitized,3,"[0, 1053, 1135, 2205]",2,,,./data/CBIS-DDSM/Mass-Training_P_00229_LEFT_MLO/07-20-2016-DDSM-10176/1.000000-full mammogram images-89423/1-1.dcm,./data/CBIS-DDSM/Mass-Training_P_00229_LEFT_MLO_1/07-21-2016-DDSM-46839/1.000000-ROI mask images-82809/1-1.dcm,MG,1,benign,P_00229,left,3,mlo,P_00229_LEFT_MLO_mass_1,,ASYMMETRIC_BREAST_TISSUE,
2873,1,mass,digitized,4,"[735, 1809, 1887, 2961]",2,,,./data/CBIS-DDSM/Mass-Training_P_00242_RIGHT_CC/07-20-2016-DDSM-94154/1.000000-full mammogram images-06839/1-1.dcm,./data/CBIS-DDSM/Mass-Training_P_00242_RIGHT_CC_1/07-21-2016-DDSM-82920/1.000000-ROI mask images-70402/1-2.dcm,MG,1,benign,P_00242,right,5,cc,P_00242_RIGHT_CC_mass_1,CIRCUMSCRIBED,LOBULATED,
333,1,mass,digitized,4,"[773, 1446, 1924, 2597]",2,,,./data/CBIS-DDSM/Mass-Training_P_00242_RIGHT_MLO/07-20-2016-DDSM-48859/1.000000-full mammogram images-48346/1-1.dcm,./data/CBIS-DDSM/Mass-Training_P_00242_RIGHT_MLO_1/07-21-2016-DDSM-85982/1.000000-ROI mask images-51244/1-1.dcm,MG,1,benign,P_00242,right,3,mlo,P_00242_RIGHT_MLO_mass_1,CIRCUMSCRIBED,OVAL,
3357,1,mass,digitized,4,"[1784, 2994, 2935, 4146]",2,,,./data/CBIS-DDSM/Mass-Test_P_00278_RIGHT_CC/10-04-2016-DDSM-47081/1.000000-full mammogram images-08724/1-1.dcm,./data/CBIS-DDSM/Mass-Test_P_00278_RIGHT_CC_1/10-04-2016-DDSM-82013/1.000000-ROI mask images-85177/1-2.dcm,MG,1,benign,P_00278,right,4,cc,P_00278_RIGHT_CC_mass_1,MICROLOBULATED,LOBULATED,
863,1,mass,digitized,4,"[1761, 4604, 2912, 5756]",2,,,./data/CBIS-DDSM/Mass-Test_P_00278_RIGHT_MLO/10-04-2016-DDSM-69065/1.000000-full mammogram images-23807/1-1.dcm,./data/CBIS-DDSM/Mass-Test_P_00278_RIGHT_MLO_1/10-04-2016-DDSM-03422/1.000000-ROI mask images-55338/1-2.dcm,MG,1,benign,P_00278,right,4,mlo,P_00278_RIGHT_MLO_mass_1,MICROLOBULATED,LOBULATED,
1280,1,mass,digitized,5,"[1321, 2984, 2472, 4135]",2,,,./data/CBIS-DDSM/Mass-Training_P_00317_RIGHT_MLO/07-20-2016-DDSM-11325/1.000000-full mammogram images-04111/1-1.dcm,./data/CBIS-DDSM/Mass-Training_P_00317_RIGHT_MLO_1/07-21-2016-DDSM-82456/1.000000-ROI mask images-75680/1-2.dcm,MG,1,malignant,P_00317,right,3,mlo,P_00317_RIGHT_MLO_mass_1,ILL_DEFINED,IRREGULAR,
2538,1,mass,digitized,4,"[1363, 1057, 2514, 2208]",2,,,./data/CBIS-DDSM/Mass-Training_P_00330_LEFT_CC/07-20-2016-DDSM-30205/1.000000-full mammogram images-69806/1-1.dcm,./data/CBIS-DDSM/Mass-Training_P_00330_LEFT_CC_1/07-21-2016-DDSM-52641/1.000000-ROI mask images-54639/1-2.dcm,MG,1,benign,P_00330,left,5,cc,P_00330_LEFT_CC_mass_1,OBSCURED,LOBULATED,
2052,1,mass,digitized,4,"[1499, 2216, 2650, 3368]",2,,,./data/CBIS-DDSM/Mass-Training_P_00330_LEFT_MLO/07-20-2016-DDSM-18431/1.000000-full mammogram images-51346/1-1.dcm,./data/CBIS-DDSM/Mass-Training_P_00330_LEFT_MLO_1/07-21-2016-DDSM-61183/1.000000-ROI mask images-76298/1-2.dcm,MG,1,benign,P_00330,left,5,mlo,P_00330_LEFT_MLO_mass_1,OBSCURED,LOBULATED,
1524,1,mass,digitized,4,"[695, 1295, 1846, 2446]",2,,,./data/CBIS-DDSM/Mass-Training_P_00370_RIGHT_CC/07-20-2016-DDSM-19880/1.000000-full mammogram images-89195/1-1.dcm,./data/CBIS-DDSM/Mass-Training_P_00370_RIGHT_CC_1/07-21-2016-DDSM-76693/1.000000-ROI mask images-39836/1-1.dcm,MG,1,malignant,P_00370,right,1,cc,P_00370_RIGHT_CC_mass_1,ILL_DEFINED,IRREGULAR,
340,1,mass,digitized,4,"[1035, 1966, 2186, 3117]",2,,,./data/CBIS-DDSM/Mass-Training_P_00370_RIGHT_MLO/07-20-2016-DDSM-62039/1.000000-full mammogram images-72719/1-1.dcm,./data/CBIS-DDSM/Mass-Training_P_00370_RIGHT_MLO_1/07-21-2016-DDSM-84169/1.000000-ROI mask images-97740/1-2.dcm,MG,1,malignant,P_00370,right,1,mlo,P_00370_RIGHT_MLO_mass_1,ILL_DEFINED,IRREGULAR,
1555,1,mass,digitized,0,"[345, 1065, 1497, 2217]",3,,,./data/CBIS-DDSM/Mass-Test_P_00379_LEFT_CC/10-04-2016-DDSM-74266/1.000000-full mammogram images-67536/1-1.dcm,./data/CBIS-DDSM/Mass-Test_P_00379_LEFT_CC_1/10-04-2016-DDSM-56757/1.000000-ROI mask images-86367/1-2.dcm,MG,1,benign,P_00379,left,5,cc,P_00379_LEFT_CC_mass_1,ILL_DEFINED,IRREGULAR,
1979,1,mass,digitized,0,"[93, 894, 1244, 2046]",3,,,./data/CBIS-DDSM/Mass-Test_P_00379_LEFT_MLO/10-04-2016-DDSM-83531/1.000000-full mammogram images-89299/1-1.dcm,./data/CBIS-DDSM/Mass-Test_P_00379_LEFT_MLO_1/10-04-2016-DDSM-32756/1.000000-ROI mask images-42069/1-2.dcm,MG,1,benign,P_00379,left,5,mlo,P_00379_LEFT_MLO_mass_1,ILL_DEFINED,IRREGULAR,
2674,1,mass,digitized,4,"[1207, 2049, 2359, 3200]",4,,,./data/CBIS-DDSM/Mass-Training_P_00389_LEFT_MLO/07-20-2016-DDSM-06769/1.000000-full mammogram images-13691/1-1.dcm,./data/CBIS-DDSM/Mass-Training_P_00389_LEFT_MLO_1/07-21-2016-DDSM-48208/1.000000-ROI mask images-92543/1-1.dcm,MG,1,benign,P_00389,left,3,mlo,P_00389_LEFT_MLO_mass_1,OBSCURED,ROUND,
2639,1,mass,digitized,4,"[1971, 2333, 3091, 3484]",4,,,./data/CBIS-DDSM/Mass-Test_P_00391_LEFT_CC/10-04-2016-DDSM-14353/1.000000-full mammogram images-34975/1-1.dcm,./data/CBIS-DDSM/Mass-Test_P_00391_LEFT_CC_1/10-04-2016-DDSM-42590/1.000000-ROI mask images-83228/1-2.dcm,MG,1,benign,P_00391,left,3,cc,P_00391_LEFT_CC_mass_1,OBSCURED,LOBULATED,
396,1,mass,digitized,4,"[1361, 2044, 2513, 3196]",4,,,./data/CBIS-DDSM/Mass-Test_P_00391_LEFT_MLO/10-04-2016-DDSM-29158/1.000000-full mammogram images-26490/1-1.dcm,./data/CBIS-DDSM/Mass-Test_P_00391_LEFT_MLO_1/10-04-2016-DDSM-24878/1.000000-ROI mask images-51519/1-2.dcm,MG,1,benign,P_00391,left,3,mlo,P_00391_LEFT_MLO_mass_1,OBSCURED,LOBULATED,
2857,1,mass,digitized,4,"[87, 2360, 1238, 3512]",4,,,./data/CBIS-DDSM/Mass-Test_P_00391_RIGHT_CC/10-04-2016-DDSM-67444/1.000000-full mammogram images-37889/1-1.dcm,./data/CBIS-DDSM/Mass-Test_P_00391_RIGHT_CC_1/10-04-2016-DDSM-04696/1.000000-ROI mask images-92665/1-2.dcm,MG,1,benign,P_00391,right,3,cc,P_00391_RIGHT_CC_mass_1,OBSCURED,LOBULATED,
99,1,mass,digitized,4,"[361, 2320, 1512, 3471]",4,,,./data/CBIS-DDSM/Mass-Test_P_00391_RIGHT_MLO/10-04-2016-DDSM-89558/1.000000-full mammogram images-12158/1-1.dcm,./data/CBIS-DDSM/Mass-Test_P_00391_RIGHT_MLO_1/10-04-2016-DDSM-87226/1.000000-ROI mask images-09681/1-2.dcm,MG,1,benign,P_00391,right,3,mlo,P_00391_RIGHT_MLO_mass_1,OBSCURED,LOBULATED,
3495,1,mass,digitized,4,"[1864, 2095, 2912, 3246]",3,,,./data/CBIS-DDSM/Mass-Training_P_00431_RIGHT_CC/07-20-2016-DDSM-24693/1.000000-full mammogram images-58529/1-1.dcm,./data/CBIS-DDSM/Mass-Training_P_00431_RIGHT_CC_1/07-21-2016-DDSM-59561/1.000000-ROI mask images-76444/1-1.dcm,MG,1,benign,P_00431,right,5,cc,P_00431_RIGHT_CC_mass_1,CIRCUMSCRIBED,LOBULATED,
2735,2,mass,digitized,4,"[1672, 2888, 2824, 4040]",3,,,./data/CBIS-DDSM/Mass-Training_P_00431_RIGHT_MLO/07-20-2016-DDSM-34188/1.000000-full mammogram images-17340/1-1.dcm,./data/CBIS-DDSM/Mass-Training_P_00431_RIGHT_MLO_2/07-21-2016-DDSM-81382/1.000000-ROI mask images-12304/1-1.dcm,MG,1,benign,P_00431,right,5,mlo,P_00431_RIGHT_MLO_mass_2,OBSCURED,LOBULATED,
88,1,mass,digitized,3,"[32, 1077, 1183, 2228]",2,,,./data/CBIS-DDSM/Mass-Test_P_00433_LEFT_CC/10-04-2016-DDSM-46676/1.000000-full mammogram images-38535/1-1.dcm,./data/CBIS-DDSM/Mass-Test_P_00433_LEFT_CC_1/10-04-2016-DDSM-62554/1.000000-ROI mask images-28056/1-2.dcm,MG,1,benign,P_00433,left,4,cc,P_00433_LEFT_CC_mass_1,ILL_DEFINED,OVAL,
3106,1,mass,digitized,3,"[0, 1940, 1051, 3092]",2,,,./data/CBIS-DDSM/Mass-Test_P_00433_LEFT_MLO/10-04-2016-DDSM-02559/1.000000-full mammogram images-47957/1-1.dcm,./data/CBIS-DDSM/Mass-Test_P_00433_LEFT_MLO_1/10-04-2016-DDSM-11454/1.000000-ROI mask images-39366/1-2.dcm,MG,1,benign,P_00433,left,5,mlo,P_00433_LEFT_MLO_mass_1,CIRCUMSCRIBED,OVAL,
2030,1,mass,digitized,3,"[0, 3139, 853, 4291]",3,,,./data/CBIS-DDSM/Mass-Training_P_00436_LEFT_CC/07-20-2016-DDSM-29490/1.000000-full mammogram images-94917/1-1.dcm,./data/CBIS-DDSM/Mass-Training_P_00436_LEFT_CC_1/07-21-2016-DDSM-85976/1.000000-ROI mask images-02025/1-1.dcm,MG,1,benign,P_00436,left,5,cc,P_00436_LEFT_CC_mass_1,MICROLOBULATED,LOBULATED,
1297,1,mass,digitized,3,"[0, 2148, 955, 3300]",3,,,./data/CBIS-DDSM/Mass-Training_P_00436_LEFT_MLO/07-20-2016-DDSM-34117/1.000000-full mammogram images-56843/1-1.dcm,./data/CBIS-DDSM/Mass-Training_P_00436_LEFT_MLO_1/07-21-2016-DDSM-08764/1.000000-ROI mask images-94246/1-1.dcm,MG,1,benign,P_00436,left,5,mlo,P_00436_LEFT_MLO_mass_1,MICROLOBULATED,LOBULATED,
1217,1,mass,digitized,3,"[1385, 2501, 2537, 3653]",4,,,./data/CBIS-DDSM/Mass-Training_P_00437_LEFT_CC/07-20-2016-DDSM-52212/1.000000-full mammogram images-24483/1-1.dcm,./data/CBIS-DDSM/Mass-Training_P_00437_LEFT_CC_1/07-21-2016-DDSM-56077/1.000000-ROI mask images-42505/1-1.dcm,MG,1,benign,P_00437,left,2,cc,P_00437_LEFT_CC_mass_1,OBSCURED,OVAL,
1038,1,mass,digitized,3,"[1501, 1852, 2653, 3003]",4,,,./data/CBIS-DDSM/Mass-Training_P_00437_LEFT_MLO/07-20-2016-DDSM-35171/1.000000-full mammogram images-58586/1-1.dcm,./data/CBIS-DDSM/Mass-Training_P_00437_LEFT_MLO_1/07-21-2016-DDSM-79081/1.000000-ROI mask images-21729/1-1.dcm,MG,1,benign,P_00437,left,2,mlo,P_00437_LEFT_MLO_mass_1,OBSCURED,OVAL,
3367,1,mass,digitized,4,"[1892, 2334, 2866, 3485]",4,,,./data/CBIS-DDSM/Mass-Training_P_00444_LEFT_CC/07-20-2016-DDSM-55440/1.000000-full mammogram images-92103/1-1.dcm,./data/CBIS-DDSM/Mass-Training_P_00444_LEFT_CC_1/07-21-2016-DDSM-93314/1.000000-ROI mask images-05349/1-2.dcm,MG,1,malignant,P_00444,left,3,cc,P_00444_LEFT_CC_mass_1,SPICULATED,OVAL,
2764,1,mass,digitized,4,"[1879, 2002, 2761, 3154]",4,,,./data/CBIS-DDSM/Mass-Training_P_00444_LEFT_MLO/07-20-2016-DDSM-78430/1.000000-full mammogram images-54976/1-1.dcm,./data/CBIS-DDSM/Mass-Training_P_00444_LEFT_MLO_1/07-21-2016-DDSM-63254/1.000000-ROI mask images-64764/1-1.dcm,MG,1,malignant,P_00444,left,3,mlo,P_00444_LEFT_MLO_mass_1,SPICULATED,OVAL,
3531,1,mass,digitized,0,"[546, 1252, 1698, 2404]",1,,,./data/CBIS-DDSM/Mass-Training_P_00453_LEFT_CC/07-20-2016-DDSM-94416/1.000000-full mammogram images-80951/1-1.dcm,./data/CBIS-DDSM/Mass-Training_P_00453_LEFT_CC_1/07-21-2016-DDSM-18015/1.000000-ROI mask images-47061/1-1.dcm,MG,1,benign,P_00453,left,5,cc,P_00453_LEFT_CC_mass_1,OBSCURED,IRREGULAR,
2442,1,mass,digitized,0,"[667, 2039, 1819, 3190]",1,,,./data/CBIS-DDSM/Mass-Training_P_00453_LEFT_MLO/07-20-2016-DDSM-54538/1.000000-full mammogram images-61455/1-1.dcm,./data/CBIS-DDSM/Mass-Training_P_00453_LEFT_MLO_1/07-21-2016-DDSM-02555/1.000000-ROI mask images-36260/1-1.dcm,MG,1,benign,P_00453,left,5,mlo,P_00453_LEFT_MLO_mass_1,OBSCURED,IRREGULAR,
1562,1,mass,digitized,3,"[452, 1595, 1603, 2747]",1,,,./data/CBIS-DDSM/Mass-Test_P_00470_RIGHT_CC/10-04-2016-DDSM-59530/1.000000-full mammogram images-16388/1-1.dcm,./data/CBIS-DDSM/Mass-Test_P_00470_RIGHT_CC_1/10-04-2016-DDSM-42724/1.000000-ROI mask images-49396/1-2.dcm,MG,1,benign,P_00470,right,5,cc,P_00470_RIGHT_CC_mass_1,CIRCUMSCRIBED,LOBULATED,
441,1,mass,digitized,3,"[374, 2551, 1526, 3702]",1,,,./data/CBIS-DDSM/Mass-Test_P_00470_RIGHT_MLO/10-04-2016-DDSM-18553/1.000000-full mammogram images-72657/1-1.dcm,./data/CBIS-DDSM/Mass-Test_P_00470_RIGHT_MLO_1/10-04-2016-DDSM-39785/1.000000-ROI mask images-80438/1-2.dcm,MG,1,benign,P_00470,right,5,mlo,P_00470_RIGHT_MLO_mass_1,CIRCUMSCRIBED,LOBULATED,
412,1,mass,digitized,4,"[216, 1432, 1368, 2584]",4,,,./data/CBIS-DDSM/Mass-Training_P_00488_LEFT_CC/07-20-2016-DDSM-90843/1.000000-full mammogram images-72686/1-1.dcm,./data/CBIS-DDSM/Mass-Training_P_00488_LEFT_CC_1/07-21-2016-DDSM-07263/1.000000-ROI mask images-71708/1-1.dcm,MG,1,benign,P_00488,left,3,cc,P_00488_LEFT_CC_mass_1,CIRCUMSCRIBED-OBSCURED,IRREGULAR,
115,1,mass,digitized,4,"[133, 2572, 1284, 3724]",4,,,./data/CBIS-DDSM/Mass-Training_P_00488_LEFT_MLO/07-20-2016-DDSM-86444/1.000000-full mammogram images-43074/1-1.dcm,./data/CBIS-DDSM/Mass-Training_P_00488_LEFT_MLO_1/07-21-2016-DDSM-18859/1.000000-ROI mask images-25166/1-1.dcm,MG,1,benign,P_00488,left,3,mlo,P_00488_LEFT_MLO_mass_1,CIRCUMSCRIBED-OBSCURED,IRREGULAR,
2712,1,mass,digitized,5,"[650, 1645, 1802, 2797]",2,,,./data/CBIS-DDSM/Mass-Test_P_00494_RIGHT_CC/10-04-2016-DDSM-07830/1.000000-full mammogram images-96192/1-1.dcm,./data/CBIS-DDSM/Mass-Test_P_00494_RIGHT_CC_1/10-04-2016-DDSM-24153/1.000000-ROI mask images-34585/1-2.dcm,MG,1,benign,P_00494,right,5,cc,P_00494_RIGHT_CC_mass_1,SPICULATED,IRREGULAR,
2388,1,mass,digitized,5,"[1145, 2814, 2296, 3965]",2,,,./data/CBIS-DDSM/Mass-Test_P_00494_RIGHT_MLO/10-04-2016-DDSM-77786/1.000000-full mammogram images-12382/1-1.dcm,./data/CBIS-DDSM/Mass-Test_P_00494_RIGHT_MLO_1/10-04-2016-DDSM-67395/1.000000-ROI mask images-75682/1-2.dcm,MG,1,benign,P_00494,right,5,mlo,P_00494_RIGHT_MLO_mass_1,SPICULATED,IRREGULAR,
3240,1,mass,digitized,4,"[1882, 3429, 3033, 4581]",1,,,./data/CBIS-DDSM/Mass-Test_P_00498_LEFT_CC/10-04-2016-DDSM-21494/1.000000-full mammogram images-83722/1-1.dcm,./data/CBIS-DDSM/Mass-Test_P_00498_LEFT_CC_1/10-04-2016-DDSM-68526/1.000000-ROI mask images-82229/1-2.dcm,MG,1,malignant,P_00498,left,2,cc,P_00498_LEFT_CC_mass_1,ILL_DEFINED,IRREGULAR,
2325,1,mass,digitized,4,"[2140, 4233, 3291, 5385]",1,,,./data/CBIS-DDSM/Mass-Test_P_00498_LEFT_MLO/10-04-2016-DDSM-87265/1.000000-full mammogram images-44888/1-1.dcm,./data/CBIS-DDSM/Mass-Test_P_00498_LEFT_MLO_1/10-04-2016-DDSM-23406/1.000000-ROI mask images-06537/1-2.dcm,MG,1,malignant,P_00498,left,2,mlo,P_00498_LEFT_MLO_mass_1,ILL_DEFINED,IRREGULAR,
1445,1,mass,digitized,4,"[2074, 1668, 3225, 2819]",1,,,./data/CBIS-DDSM/Mass-Training_P_00499_RIGHT_CC/07-20-2016-DDSM-29566/1.000000-full mammogram images-87939/1-1.dcm,./data/CBIS-DDSM/Mass-Training_P_00499_RIGHT_CC_1/07-21-2016-DDSM-43558/1.000000-ROI mask images-68941/1-2.dcm,MG,1,benign,P_00499,right,4,cc,P_00499_RIGHT_CC_mass_1,ILL_DEFINED,LOBULATED-IRREGULAR,
2610,1,mass,digitized,4,"[1613, 2240, 2764, 3391]",1,,,./data/CBIS-DDSM/Mass-Training_P_00499_RIGHT_MLO/07-20-2016-DDSM-66896/1.000000-full mammogram images-55781/1-1.dcm,./data/CBIS-DDSM/Mass-Training_P_00499_RIGHT_MLO_1/07-21-2016-DDSM-91044/1.000000-ROI mask images-63074/1-2.dcm,MG,1,benign,P_00499,right,4,mlo,P_00499_RIGHT_MLO_mass_1,MICROLOBULATED-ILL_DEFINED,LOBULATED-IRREGULAR,
1047,1,mass,digitized,4,"[320, 2124, 1471, 3276]",2,,,./data/CBIS-DDSM/Mass-Test_P_00500_RIGHT_MLO/10-04-2016-DDSM-00552/1.000000-full mammogram images-41923/1-1.dcm,./data/CBIS-DDSM/Mass-Test_P_00500_RIGHT_MLO_1/10-04-2016-DDSM-08865/1.000000-ROI mask images-84420/1-2.dcm,MG,1,malignant,P_00500,right,2,mlo,P_00500_RIGHT_MLO_mass_1,ILL_DEFINED,IRREGULAR,
811,4,mass,digitized,2,"[0, 339, 1118, 1491]",2,,,./data/CBIS-DDSM/Mass-Test_P_00510_LEFT_CC/10-04-2016-DDSM-36085/1.000000-full mammogram images-49378/1-1.dcm,./data/CBIS-DDSM/Mass-Test_P_00510_LEFT_CC_4/10-04-2016-DDSM-87152/1.000000-ROI mask images-36108/1-2.dcm,MG,1,benign,P_00510,left,4,cc,P_00510_LEFT_CC_mass_4,CIRCUMSCRIBED,LYMPH_NODE,
2227,2,mass,digitized,2,"[1038, 606, 2189, 1757]",2,,,./data/CBIS-DDSM/Mass-Test_P_00510_LEFT_MLO/10-04-2016-DDSM-43734/1.000000-full mammogram images-97765/1-1.dcm,./data/CBIS-DDSM/Mass-Test_P_00510_LEFT_MLO_2/10-04-2016-DDSM-85495/1.000000-ROI mask images-01160/1-2.dcm,MG,1,benign,P_00510,left,4,mlo,P_00510_LEFT_MLO_mass_2,CIRCUMSCRIBED,LYMPH_NODE,
2609,1,mass,digitized,4,"[783, 1429, 1935, 2580]",2,,,./data/CBIS-DDSM/Mass-Training_P_00526_RIGHT_CC/07-20-2016-DDSM-78883/1.000000-full mammogram images-82507/1-1.dcm,./data/CBIS-DDSM/Mass-Training_P_00526_RIGHT_CC_1/07-21-2016-DDSM-40709/1.000000-ROI mask images-65969/1-2.dcm,MG,1,malignant,P_00526,right,2,cc,P_00526_RIGHT_CC_mass_1,SPICULATED,IRREGULAR,
2652,1,mass,digitized,4,"[923, 2668, 2075, 3820]",2,,,./data/CBIS-DDSM/Mass-Training_P_00526_RIGHT_MLO/07-20-2016-DDSM-49315/1.000000-full mammogram images-19580/1-1.dcm,./data/CBIS-DDSM/Mass-Training_P_00526_RIGHT_MLO_1/07-21-2016-DDSM-52106/1.000000-ROI mask images-04975/1-1.dcm,MG,1,malignant,P_00526,right,2,mlo,P_00526_RIGHT_MLO_mass_1,SPICULATED,IRREGULAR,
694,1,mass,digitized,4,"[848, 2297, 2000, 3449]",3,,,./data/CBIS-DDSM/Mass-Training_P_00550_RIGHT_MLO/07-20-2016-DDSM-41868/1.000000-full mammogram images-15514/1-1.dcm,./data/CBIS-DDSM/Mass-Training_P_00550_RIGHT_MLO_1/07-21-2016-DDSM-78078/1.000000-ROI mask images-00392/1-2.dcm,MG,1,benign,P_00550,right,2,mlo,P_00550_RIGHT_MLO_mass_1,OBSCURED,LOBULATED,
3428,1,mass,digitized,4,"[0, 890, 777, 2041]",2,,,./data/CBIS-DDSM/Mass-Training_P_00553_LEFT_CC/07-20-2016-DDSM-08717/1.000000-full mammogram images-50995/1-1.dcm,./data/CBIS-DDSM/Mass-Training_P_00553_LEFT_CC_1/07-21-2016-DDSM-19593/1.000000-ROI mask images-14520/1-1.dcm,MG,1,malignant,P_00553,left,5,cc,P_00553_LEFT_CC_mass_1,MICROLOBULATED,OVAL,
2124,1,mass,digitized,4,"[0, 856, 1003, 2007]",2,,,./data/CBIS-DDSM/Mass-Training_P_00553_LEFT_MLO/07-20-2016-DDSM-18070/1.000000-full mammogram images-07183/1-1.dcm,./data/CBIS-DDSM/Mass-Training_P_00553_LEFT_MLO_1/07-21-2016-DDSM-85437/1.000000-ROI mask images-18149/1-2.dcm,MG,1,malignant,P_00553,left,5,mlo,P_00553_LEFT_MLO_mass_1,MICROLOBULATED,IRREGULAR,
2196,1,mass,digitized,4,"[220, 1794, 1372, 2945]",2,,,./data/CBIS-DDSM/Mass-Training_P_00566_RIGHT_CC/07-20-2016-DDSM-04480/1.000000-full mammogram images-17412/1-1.dcm,./data/CBIS-DDSM/Mass-Training_P_00566_RIGHT_CC_1/07-21-2016-DDSM-25078/1.000000-ROI mask images-62588/1-1.dcm,MG,1,malignant,P_00566,right,5,cc,P_00566_RIGHT_CC_mass_1,ILL_DEFINED,ASYMMETRIC_BREAST_TISSUE,
2627,1,mass,digitized,4,"[589, 1979, 1741, 3130]",2,,,./data/CBIS-DDSM/Mass-Training_P_00566_RIGHT_MLO/07-20-2016-DDSM-08324/1.000000-full mammogram images-24866/1-1.dcm,./data/CBIS-DDSM/Mass-Training_P_00566_RIGHT_MLO_1/07-21-2016-DDSM-31627/1.000000-ROI mask images-26438/1-2.dcm,MG,1,malignant,P_00566,right,5,mlo,P_00566_RIGHT_MLO_mass_1,ILL_DEFINED,ASYMMETRIC_BREAST_TISSUE,
438,1,mass,digitized,4,"[0, 1394, 780, 2546]",2,,,./data/CBIS-DDSM/Mass-Training_P_00596_LEFT_CC/07-20-2016-DDSM-74384/1.000000-full mammogram images-29321/1-1.dcm,./data/CBIS-DDSM/Mass-Training_P_00596_LEFT_CC_1/07-21-2016-DDSM-79407/1.000000-ROI mask images-98232/1-2.dcm,MG,1,benign,P_00596,left,5,cc,P_00596_LEFT_CC_mass_1,CIRCUMSCRIBED,LOBULATED,
312,1,mass,digitized,4,"[0, 2246, 1135, 3398]",2,,,./data/CBIS-DDSM/Mass-Training_P_00596_LEFT_MLO/07-20-2016-DDSM-93017/1.000000-full mammogram images-52249/1-1.dcm,./data/CBIS-DDSM/Mass-Training_P_00596_LEFT_MLO_1/07-21-2016-DDSM-55597/1.000000-ROI mask images-62133/1-2.dcm,MG,1,benign,P_00596,left,5,mlo,P_00596_LEFT_MLO_mass_1,CIRCUMSCRIBED,OVAL-LOBULATED,
45,1,mass,digitized,4,"[2974, 906, 3616, 2057]",2,,,./data/CBIS-DDSM/Mass-Training_P_00596_RIGHT_CC/07-20-2016-DDSM-33614/1.000000-full mammogram images-56960/1-1.dcm,./data/CBIS-DDSM/Mass-Training_P_00596_RIGHT_CC_1/07-21-2016-DDSM-63828/1.000000-ROI mask images-57707/1-1.dcm,MG,1,malignant,P_00596,right,2,cc,P_00596_RIGHT_CC_mass_1,SPICULATED,ARCHITECTURAL_DISTORTION,
3021,1,mass,digitized,5,"[2411, 1927, 3563, 3079]",2,,,./data/CBIS-DDSM/Mass-Training_P_00596_RIGHT_MLO/07-20-2016-DDSM-19999/1.000000-full mammogram images-92105/1-1.dcm,./data/CBIS-DDSM/Mass-Training_P_00596_RIGHT_MLO_1/07-21-2016-DDSM-70000/1.000000-ROI mask images-36779/1-2.dcm,MG,1,malignant,P_00596,right,4,mlo,P_00596_RIGHT_MLO_mass_1,SPICULATED,OVAL,
2,1,mass,digitized,5,"[960, 4469, 2111, 5620]",2,,,./data/CBIS-DDSM/Mass-Training_P_00605_RIGHT_MLO/07-20-2016-DDSM-99633/1.000000-full mammogram images-36638/1-1.dcm,./data/CBIS-DDSM/Mass-Training_P_00605_RIGHT_MLO_1/07-21-2016-DDSM-70202/1.000000-ROI mask images-33721/1-2.dcm,MG,1,malignant,P_00605,right,5,mlo,P_00605_RIGHT_MLO_mass_1,CIRCUMSCRIBED,LOBULATED,
3206,1,mass,digitized,5,"[2288, 2379, 3016, 3531]",3,,,./data/CBIS-DDSM/Mass-Training_P_00616_LEFT_MLO/07-20-2016-DDSM-47690/1.000000-full mammogram images-02093/1-1.dcm,./data/CBIS-DDSM/Mass-Training_P_00616_LEFT_MLO_1/07-21-2016-DDSM-26906/1.000000-ROI mask images-06557/1-1.dcm,MG,1,malignant,P_00616,left,4,mlo,P_00616_LEFT_MLO_mass_1,SPICULATED,IRREGULAR,
2472,1,mass,digitized,3,"[2189, 1283, 2880, 2434]",2,,,./data/CBIS-DDSM/Mass-Training_P_00617_RIGHT_MLO/07-20-2016-DDSM-47683/1.000000-full mammogram images-21458/1-1.dcm,./data/CBIS-DDSM/Mass-Training_P_00617_RIGHT_MLO_1/07-21-2016-DDSM-05062/1.000000-ROI mask images-65294/1-1.dcm,MG,1,benign,P_00617,right,4,mlo,P_00617_RIGHT_MLO_mass_1,MICROLOBULATED,LOBULATED,
2202,1,mass,digitized,0,"[197, 1274, 1349, 2426]",2,,,./data/CBIS-DDSM/Mass-Training_P_00630_LEFT_CC/07-20-2016-DDSM-90012/1.000000-full mammogram images-95033/1-1.dcm,./data/CBIS-DDSM/Mass-Training_P_00630_LEFT_CC_1/07-21-2016-DDSM-05784/1.000000-ROI mask images-90074/1-1.dcm,MG,1,benign,P_00630,left,5,cc,P_00630_LEFT_CC_mass_1,MICROLOBULATED,OVAL,
911,1,mass,digitized,0,"[0, 2953, 1056, 4104]",2,,,./data/CBIS-DDSM/Mass-Training_P_00630_LEFT_MLO/07-20-2016-DDSM-76723/1.000000-full mammogram images-92882/1-1.dcm,./data/CBIS-DDSM/Mass-Training_P_00630_LEFT_MLO_1/07-21-2016-DDSM-14155/1.000000-ROI mask images-93450/1-1.dcm,MG,1,benign,P_00630,left,5,mlo,P_00630_LEFT_MLO_mass_1,MICROLOBULATED,OVAL,
508,1,mass,digitized,2,"[619, 2058, 1770, 3210]",2,,,./data/CBIS-DDSM/Mass-Test_P_00639_LEFT_MLO/10-04-2016-DDSM-52529/1.000000-full mammogram images-08921/1-1.dcm,./data/CBIS-DDSM/Mass-Test_P_00639_LEFT_MLO_1/10-04-2016-DDSM-82359/1.000000-ROI mask images-89378/1-2.dcm,MG,1,benign,P_00639,left,5,mlo,P_00639_LEFT_MLO_mass_1,SPICULATED,ARCHITECTURAL_DISTORTION,
1238,1,mass,digitized,4,"[1468, 1105, 2536, 2256]",2,,,./data/CBIS-DDSM/Mass-Training_P_00653_LEFT_CC/07-20-2016-DDSM-70455/1.000000-full mammogram images-61053/1-1.dcm,./data/CBIS-DDSM/Mass-Training_P_00653_LEFT_CC_1/07-21-2016-DDSM-69736/1.000000-ROI mask images-99301/1-2.dcm,MG,1,malignant,P_00653,left,4,cc,P_00653_LEFT_CC_mass_1,ILL_DEFINED,OVAL,
1058,1,mass,digitized,4,"[828, 2042, 1980, 3194]",2,,,./data/CBIS-DDSM/Mass-Training_P_00653_LEFT_MLO/07-20-2016-DDSM-75691/1.000000-full mammogram images-61805/1-1.dcm,./data/CBIS-DDSM/Mass-Training_P_00653_LEFT_MLO_1/07-21-2016-DDSM-22728/1.000000-ROI mask images-43698/1-2.dcm,MG,1,malignant,P_00653,left,4,mlo,P_00653_LEFT_MLO_mass_1,ILL_DEFINED,OVAL,
2473,1,mass,digitized,4,"[48, 1201, 1200, 2353]",2,,,./data/CBIS-DDSM/Mass-Test_P_00662_LEFT_CC/10-04-2016-DDSM-45570/1.000000-full mammogram images-63163/1-1.dcm,./data/CBIS-DDSM/Mass-Test_P_00662_LEFT_CC_1/10-04-2016-DDSM-40357/1.000000-ROI mask images-25083/1-2.dcm,MG,1,benign,P_00662,left,4,cc,P_00662_LEFT_CC_mass_1,ILL_DEFINED,IRREGULAR-ASYMMETRIC_BREAST_TISSUE,
3295,1,mass,digitized,4,"[529, 1082, 1680, 2234]",2,,,./data/CBIS-DDSM/Mass-Test_P_00662_LEFT_MLO/10-04-2016-DDSM-34648/1.000000-full mammogram images-02827/1-1.dcm,./data/CBIS-DDSM/Mass-Test_P_00662_LEFT_MLO_1/10-04-2016-DDSM-17886/1.000000-ROI mask images-74419/1-2.dcm,MG,1,benign,P_00662,left,5,mlo,P_00662_LEFT_MLO_mass_1,SPICULATED,IRREGULAR,
1360,1,mass,digitized,5,"[1494, 3230, 2506, 4382]",4,,,./data/CBIS-DDSM/Mass-Training_P_00692_LEFT_MLO/07-20-2016-DDSM-26560/1.000000-full mammogram images-57660/1-1.dcm,./data/CBIS-DDSM/Mass-Training_P_00692_LEFT_MLO_1/07-21-2016-DDSM-29637/1.000000-ROI mask images-73528/1-2.dcm,MG,1,benign,P_00692,left,2,mlo,P_00692_LEFT_MLO_mass_1,SPICULATED,IRREGULAR,
3396,1,mass,digitized,4,"[0, 1172, 765, 2324]",2,,,./data/CBIS-DDSM/Mass-Training_P_00711_LEFT_CC/07-20-2016-DDSM-48636/1.000000-full mammogram images-41561/1-1.dcm,./data/CBIS-DDSM/Mass-Training_P_00711_LEFT_CC_1/07-21-2016-DDSM-27583/1.000000-ROI mask images-81562/1-2.dcm,MG,1,malignant,P_00711,left,4,cc,P_00711_LEFT_CC_mass_1,SPICULATED,IRREGULAR-ARCHITECTURAL_DISTORTION,
2729,1,mass,digitized,4,"[670, 1407, 1822, 2559]",2,,,./data/CBIS-DDSM/Mass-Training_P_00711_LEFT_MLO/07-20-2016-DDSM-66912/1.000000-full mammogram images-80373/1-1.dcm,./data/CBIS-DDSM/Mass-Training_P_00711_LEFT_MLO_1/07-21-2016-DDSM-20167/1.000000-ROI mask images-11297/1-2.dcm,MG,1,malignant,P_00711,left,3,mlo,P_00711_LEFT_MLO_mass_1,SPICULATED,IRREGULAR-ARCHITECTURAL_DISTORTION,
3284,1,mass,digitized,2,"[932, 3062, 2083, 4214]",2,,,./data/CBIS-DDSM/Mass-Training_P_00711_RIGHT_CC/07-20-2016-DDSM-96356/1.000000-full mammogram images-24372/1-1.dcm,./data/CBIS-DDSM/Mass-Training_P_00711_RIGHT_CC_1/07-21-2016-DDSM-06394/1.000000-ROI mask images-18993/1-2.dcm,MG,1,benign,P_00711,right,3,cc,P_00711_RIGHT_CC_mass_1,CIRCUMSCRIBED,ROUND,
1920,1,mass,digitized,2,"[947, 3336, 2098, 4487]",2,,,./data/CBIS-DDSM/Mass-Training_P_00711_RIGHT_MLO/07-20-2016-DDSM-79026/1.000000-full mammogram images-20834/1-1.dcm,./data/CBIS-DDSM/Mass-Training_P_00711_RIGHT_MLO_1/07-21-2016-DDSM-67623/1.000000-ROI mask images-72676/1-2.dcm,MG,1,benign,P_00711,right,3,mlo,P_00711_RIGHT_MLO_mass_1,CIRCUMSCRIBED,ROUND,
1335,1,mass,digitized,5,"[1273, 3407, 2425, 4559]",2,,,./data/CBIS-DDSM/Mass-Training_P_00717_RIGHT_CC/07-20-2016-DDSM-57122/1.000000-full mammogram images-92008/1-1.dcm,./data/CBIS-DDSM/Mass-Training_P_00717_RIGHT_CC_1/07-21-2016-DDSM-06113/1.000000-ROI mask images-65079/1-2.dcm,MG,1,malignant,P_00717,right,4,cc,P_00717_RIGHT_CC_mass_1,ILL_DEFINED,IRREGULAR,
3436,1,mass,digitized,5,"[1398, 4008, 2549, 5159]",2,,,./data/CBIS-DDSM/Mass-Training_P_00717_RIGHT_MLO/07-20-2016-DDSM-20026/1.000000-full mammogram images-95938/1-1.dcm,./data/CBIS-DDSM/Mass-Training_P_00717_RIGHT_MLO_1/07-21-2016-DDSM-69267/1.000000-ROI mask images-38668/1-2.dcm,MG,1,malignant,P_00717,right,4,mlo,P_00717_RIGHT_MLO_mass_1,ILL_DEFINED,IRREGULAR,
1896,1,mass,digitized,4,"[0, 1331, 782, 2483]",1,,,./data/CBIS-DDSM/Mass-Training_P_00733_RIGHT_CC/07-20-2016-DDSM-68898/1.000000-full mammogram images-41808/1-1.dcm,./data/CBIS-DDSM/Mass-Training_P_00733_RIGHT_CC_1/07-21-2016-DDSM-52908/1.000000-ROI mask images-99415/1-1.dcm,MG,1,benign,P_00733,right,4,cc,P_00733_RIGHT_CC_mass_1,ILL_DEFINED,LOBULATED,
1996,1,mass,digitized,4,"[447, 1799, 1599, 2951]",1,,,./data/CBIS-DDSM/Mass-Training_P_00733_RIGHT_MLO/07-20-2016-DDSM-21022/1.000000-full mammogram images-84587/1-1.dcm,./data/CBIS-DDSM/Mass-Training_P_00733_RIGHT_MLO_1/07-21-2016-DDSM-77927/1.000000-ROI mask images-22131/1-1.dcm,MG,1,benign,P_00733,right,4,mlo,P_00733_RIGHT_MLO_mass_1,ILL_DEFINED,LOBULATED,
2706,1,mass,digitized,4,"[0, 669, 702, 1821]",2,,,./data/CBIS-DDSM/Mass-Test_P_00741_LEFT_CC/10-04-2016-DDSM-56533/1.000000-full mammogram images-77029/1-1.dcm,./data/CBIS-DDSM/Mass-Test_P_00741_LEFT_CC_1/10-04-2016-DDSM-11074/1.000000-ROI mask images-73005/1-2.dcm,MG,1,malignant,P_00741,left,5,cc,P_00741_LEFT_CC_mass_1,CIRCUMSCRIBED,ROUND,
2902,1,mass,digitized,4,"[111, 1686, 1262, 2837]",2,,,./data/CBIS-DDSM/Mass-Test_P_00741_LEFT_MLO/10-04-2016-DDSM-98190/1.000000-full mammogram images-97402/1-1.dcm,./data/CBIS-DDSM/Mass-Test_P_00741_LEFT_MLO_1/10-04-2016-DDSM-10687/1.000000-ROI mask images-85652/1-2.dcm,MG,1,malignant,P_00741,left,3,mlo,P_00741_LEFT_MLO_mass_1,ILL_DEFINED,OVAL,
939,2,mass,digitized,5,"[0, 1541, 1125, 2692]",2,,,./data/CBIS-DDSM/Mass-Training_P_00797_LEFT_CC/07-20-2016-DDSM-32131/1.000000-full mammogram images-30590/1-1.dcm,./data/CBIS-DDSM/Mass-Training_P_00797_LEFT_CC_2/07-21-2016-DDSM-94407/1.000000-ROI mask images-53380/1-1.dcm,MG,2,malignant,P_00797,left,5,cc,P_00797_LEFT_CC_mass_2,SPICULATED,IRREGULAR,
1523,1,mass,digitized,3,"[0, 944, 819, 2095]",2,,,./data/CBIS-DDSM/Mass-Training_P_00797_LEFT_CC/07-20-2016-DDSM-32131/1.000000-full mammogram images-30590/1-1.dcm,./data/CBIS-DDSM/Mass-Training_P_00797_LEFT_CC_1/07-21-2016-DDSM-57971/1.000000-ROI mask images-82856/1-1.dcm,MG,2,benign,P_00797,left,5,cc,P_00797_LEFT_CC_mass_1,CIRCUMSCRIBED,OVAL,
1172,2,mass,digitized,5,"[570, 1610, 1722, 2762]",2,,,./data/CBIS-DDSM/Mass-Training_P_00797_LEFT_MLO/07-20-2016-DDSM-91681/1.000000-full mammogram images-19925/1-1.dcm,./data/CBIS-DDSM/Mass-Training_P_00797_LEFT_MLO_2/07-21-2016-DDSM-22553/1.000000-ROI mask images-97646/1-1.dcm,MG,2,malignant,P_00797,left,5,mlo,P_00797_LEFT_MLO_mass_2,SPICULATED,IRREGULAR,
3326,1,mass,digitized,3,"[0, 2012, 1074, 3164]",2,,,./data/CBIS-DDSM/Mass-Training_P_00797_LEFT_MLO/07-20-2016-DDSM-91681/1.000000-full mammogram images-19925/1-1.dcm,./data/CBIS-DDSM/Mass-Training_P_00797_LEFT_MLO_1/07-21-2016-DDSM-30358/1.000000-ROI mask images-95981/1-1.dcm,MG,2,benign,P_00797,left,5,mlo,P_00797_LEFT_MLO_mass_1,CIRCUMSCRIBED,OVAL,
1333,1,mass,digitized,3,"[1613, 1315, 2764, 2466]",2,,,./data/CBIS-DDSM/Mass-Training_P_00797_RIGHT_CC/07-20-2016-DDSM-22143/1.000000-full mammogram images-47270/1-1.dcm,./data/CBIS-DDSM/Mass-Training_P_00797_RIGHT_CC_1/07-21-2016-DDSM-82555/1.000000-ROI mask images-28873/1-1.dcm,MG,1,benign,P_00797,right,5,cc,P_00797_RIGHT_CC_mass_1,CIRCUMSCRIBED,OVAL,
2537,1,mass,digitized,3,"[1217, 2036, 2368, 3188]",2,,,./data/CBIS-DDSM/Mass-Training_P_00797_RIGHT_MLO/07-20-2016-DDSM-37679/1.000000-full mammogram images-42748/1-1.dcm,./data/CBIS-DDSM/Mass-Training_P_00797_RIGHT_MLO_1/07-21-2016-DDSM-24613/1.000000-ROI mask images-75041/1-1.dcm,MG,1,benign,P_00797,right,5,mlo,P_00797_RIGHT_MLO_mass_1,CIRCUMSCRIBED,OVAL,
1514,1,mass,digitized,5,"[0, 2427, 640, 3579]",3,,,./data/CBIS-DDSM/Mass-Test_P_00820_LEFT_CC/10-04-2016-DDSM-84891/1.000000-full mammogram images-12693/1-1.dcm,./data/CBIS-DDSM/Mass-Test_P_00820_LEFT_CC_1/10-04-2016-DDSM-66880/1.000000-ROI mask images-38389/1-2.dcm,MG,1,malignant,P_00820,left,5,cc,P_00820_LEFT_CC_mass_1,SPICULATED,IRREGULAR,
675,1,mass,digitized,5,"[0, 2721, 778, 3873]",3,,,./data/CBIS-DDSM/Mass-Test_P_00820_LEFT_MLO/10-04-2016-DDSM-91262/1.000000-full mammogram images-10137/1-1.dcm,./data/CBIS-DDSM/Mass-Test_P_00820_LEFT_MLO_1/10-04-2016-DDSM-47362/1.000000-ROI mask images-93290/1-2.dcm,MG,1,malignant,P_00820,left,5,mlo,P_00820_LEFT_MLO_mass_1,MICROLOBULATED,IRREGULAR,
2838,1,mass,digitized,3,"[1652, 770, 2592, 1922]",3,,,./data/CBIS-DDSM/Mass-Test_P_00820_RIGHT_CC/10-04-2016-DDSM-13454/1.000000-full mammogram images-66699/1-1.dcm,./data/CBIS-DDSM/Mass-Test_P_00820_RIGHT_CC_1/10-04-2016-DDSM-70910/1.000000-ROI mask images-05664/1-2.dcm,MG,1,benign,P_00820,right,5,cc,P_00820_RIGHT_CC_mass_1,CIRCUMSCRIBED,OVAL,
844,1,mass,digitized,3,"[1191, 1521, 2342, 2673]",3,,,./data/CBIS-DDSM/Mass-Test_P_00820_RIGHT_MLO/10-04-2016-DDSM-83638/1.000000-full mammogram images-07372/1-1.dcm,./data/CBIS-DDSM/Mass-Test_P_00820_RIGHT_MLO_1/10-04-2016-DDSM-35354/1.000000-ROI mask images-62056/1-2.dcm,MG,1,benign,P_00820,right,5,mlo,P_00820_RIGHT_MLO_mass_1,CIRCUMSCRIBED,OVAL,
2943,1,mass,digitized,4,"[601, 901, 1752, 2053]",4,,,./data/CBIS-DDSM/Mass-Test_P_00837_RIGHT_CC/10-04-2016-DDSM-96683/1.000000-full mammogram images-84861/1-1.dcm,./data/CBIS-DDSM/Mass-Test_P_00837_RIGHT_CC_1/10-04-2016-DDSM-46873/1.000000-ROI mask images-20236/1-2.dcm,MG,1,benign,P_00837,right,4,cc,P_00837_RIGHT_CC_mass_1,CIRCUMSCRIBED,OVAL,
49,1,mass,digitized,4,"[1068, 1926, 2220, 3078]",4,,,./data/CBIS-DDSM/Mass-Test_P_00837_RIGHT_MLO/10-04-2016-DDSM-99035/1.000000-full mammogram images-85975/1-1.dcm,./data/CBIS-DDSM/Mass-Test_P_00837_RIGHT_MLO_1/10-04-2016-DDSM-21245/1.000000-ROI mask images-10196/1-2.dcm,MG,1,benign,P_00837,right,4,mlo,P_00837_RIGHT_MLO_mass_1,CIRCUMSCRIBED,OVAL,
971,1,mass,digitized,4,"[620, 2828, 1772, 3979]",2,,,./data/CBIS-DDSM/Mass-Training_P_00865_RIGHT_MLO/07-20-2016-DDSM-91548/1.000000-full mammogram images-14350/1-1.dcm,./data/CBIS-DDSM/Mass-Training_P_00865_RIGHT_MLO_1/07-21-2016-DDSM-75432/1.000000-ROI mask images-37703/1-1.dcm,MG,2,malignant,P_00865,right,4,mlo,P_00865_RIGHT_MLO_mass_1,ILL_DEFINED,OVAL,
1185,2,mass,digitized,4,"[0, 2710, 1149, 3861]",2,,,./data/CBIS-DDSM/Mass-Training_P_00865_RIGHT_MLO/07-20-2016-DDSM-91548/1.000000-full mammogram images-14350/1-1.dcm,./data/CBIS-DDSM/Mass-Training_P_00865_RIGHT_MLO_2/07-21-2016-DDSM-44409/1.000000-ROI mask images-11743/1-2.dcm,MG,2,malignant,P_00865,right,4,mlo,P_00865_RIGHT_MLO_mass_2,ILL_DEFINED,OVAL,
2804,1,mass,digitized,5,"[207, 2549, 1359, 3700]",3,,,./data/CBIS-DDSM/Mass-Training_P_00886_LEFT_CC/07-20-2016-DDSM-47116/1.000000-full mammogram images-02674/1-1.dcm,./data/CBIS-DDSM/Mass-Training_P_00886_LEFT_CC_1/07-21-2016-DDSM-48315/1.000000-ROI mask images-68429/1-1.dcm,MG,1,malignant,P_00886,left,4,cc,P_00886_LEFT_CC_mass_1,ILL_DEFINED,IRREGULAR,
1458,1,mass,digitized,5,"[240, 2163, 1392, 3314]",3,,,./data/CBIS-DDSM/Mass-Training_P_00886_LEFT_MLO/07-20-2016-DDSM-03330/1.000000-full mammogram images-19956/1-1.dcm,./data/CBIS-DDSM/Mass-Training_P_00886_LEFT_MLO_1/07-21-2016-DDSM-67755/1.000000-ROI mask images-57725/1-1.dcm,MG,1,malignant,P_00886,left,5,mlo,P_00886_LEFT_MLO_mass_1,SPICULATED,ROUND,
731,1,mass,digitized,4,"[894, 2531, 2046, 3682]",2,,,./data/CBIS-DDSM/Mass-Training_P_00898_LEFT_CC/07-20-2016-DDSM-10769/1.000000-full mammogram images-70726/1-1.dcm,./data/CBIS-DDSM/Mass-Training_P_00898_LEFT_CC_1/07-21-2016-DDSM-34426/1.000000-ROI mask images-02022/1-1.dcm,MG,1,malignant,P_00898,left,4,cc,P_00898_LEFT_CC_mass_1,ILL_DEFINED,IRREGULAR,
807,1,mass,digitized,5,"[555, 2146, 1707, 3297]",2,,,./data/CBIS-DDSM/Mass-Training_P_00901_RIGHT_CC/07-20-2016-DDSM-82134/1.000000-full mammogram images-54862/1-1.dcm,./data/CBIS-DDSM/Mass-Training_P_00901_RIGHT_CC_1/07-21-2016-DDSM-71841/1.000000-ROI mask images-37546/1-1.dcm,MG,1,malignant,P_00901,right,3,cc,P_00901_RIGHT_CC_mass_1,SPICULATED,IRREGULAR,
2465,1,mass,digitized,5,"[414, 4368, 1566, 5519]",2,,,./data/CBIS-DDSM/Mass-Training_P_00901_RIGHT_MLO/07-20-2016-DDSM-04381/1.000000-full mammogram images-66638/1-1.dcm,./data/CBIS-DDSM/Mass-Training_P_00901_RIGHT_MLO_1/07-21-2016-DDSM-74781/1.000000-ROI mask images-17648/1-1.dcm,MG,1,malignant,P_00901,right,3,mlo,P_00901_RIGHT_MLO_mass_1,SPICULATED,IRREGULAR,
3483,1,mass,digitized,5,"[1747, 1623, 2899, 2775]",4,,,./data/CBIS-DDSM/Mass-Training_P_00903_LEFT_MLO/07-20-2016-DDSM-43419/1.000000-full mammogram images-66055/1-1.dcm,./data/CBIS-DDSM/Mass-Training_P_00903_LEFT_MLO_1/07-21-2016-DDSM-34488/1.000000-ROI mask images-89415/1-2.dcm,MG,1,malignant,P_00903,left,4,mlo,P_00903_LEFT_MLO_mass_1,SPICULATED,IRREGULAR,
2299,1,mass,digitized,3,"[1944, 1311, 2864, 2462]",2,,,./data/CBIS-DDSM/Mass-Test_P_00928_RIGHT_CC/10-04-2016-DDSM-15795/1.000000-full mammogram images-11899/1-1.dcm,./data/CBIS-DDSM/Mass-Test_P_00928_RIGHT_CC_1/10-04-2016-DDSM-19299/1.000000-ROI mask images-18113/1-2.dcm,MG,1,benign,P_00928,right,3,cc,P_00928_RIGHT_CC_mass_1,,FOCAL_ASYMMETRIC_DENSITY,
588,2,mass,digitized,3,"[1954, 2255, 2880, 3406]",2,,,./data/CBIS-DDSM/Mass-Test_P_00928_RIGHT_MLO/10-04-2016-DDSM-53061/1.000000-full mammogram images-93726/1-1.dcm,./data/CBIS-DDSM/Mass-Test_P_00928_RIGHT_MLO_2/10-04-2016-DDSM-07570/1.000000-ROI mask images-30934/1-2.dcm,MG,2,benign,P_00928,right,3,mlo,P_00928_RIGHT_MLO_mass_2,,FOCAL_ASYMMETRIC_DENSITY,
2221,1,mass,digitized,3,"[1778, 1600, 2880, 2751]",2,,,./data/CBIS-DDSM/Mass-Test_P_00928_RIGHT_MLO/10-04-2016-DDSM-53061/1.000000-full mammogram images-93726/1-1.dcm,./data/CBIS-DDSM/Mass-Test_P_00928_RIGHT_MLO_1/10-04-2016-DDSM-17835/1.000000-ROI mask images-91918/1-2.dcm,MG,2,benign,P_00928,right,3,mlo,P_00928_RIGHT_MLO_mass_1,,FOCAL_ASYMMETRIC_DENSITY,
1633,1,mass,digitized,4,"[709, 1791, 1860, 2942]",2,,,./data/CBIS-DDSM/Mass-Training_P_00931_LEFT_CC/07-20-2016-DDSM-91907/1.000000-full mammogram images-02111/1-1.dcm,./data/CBIS-DDSM/Mass-Training_P_00931_LEFT_CC_1/07-21-2016-DDSM-61959/1.000000-ROI mask images-84117/1-1.dcm,MG,1,malignant,P_00931,left,3,cc,P_00931_LEFT_CC_mass_1,ILL_DEFINED,IRREGULAR,
1202,1,mass,digitized,4,"[910, 2988, 2061, 4139]",2,,,./data/CBIS-DDSM/Mass-Training_P_00931_LEFT_MLO/07-20-2016-DDSM-11314/1.000000-full mammogram images-36264/1-1.dcm,./data/CBIS-DDSM/Mass-Training_P_00931_LEFT_MLO_1/07-21-2016-DDSM-14501/1.000000-ROI mask images-33635/1-1.dcm,MG,1,malignant,P_00931,left,3,mlo,P_00931_LEFT_MLO_mass_1,ILL_DEFINED,IRREGULAR,
128,1,mass,digitized,4,"[707, 2034, 1858, 3185]",2,,,./data/CBIS-DDSM/Mass-Test_P_00932_LEFT_MLO/10-04-2016-DDSM-48675/1.000000-full mammogram images-40733/1-1.dcm,./data/CBIS-DDSM/Mass-Test_P_00932_LEFT_MLO_1/10-04-2016-DDSM-43767/1.000000-ROI mask images-93004/1-2.dcm,MG,1,malignant,P_00932,left,3,mlo,P_00932_LEFT_MLO_mass_1,ILL_DEFINED,OVAL,
1419,1,mass,digitized,5,"[18, 2408, 1169, 3559]",2,,,./data/CBIS-DDSM/Mass-Test_P_00942_LEFT_CC/10-04-2016-DDSM-57318/1.000000-full mammogram images-99565/1-1.dcm,./data/CBIS-DDSM/Mass-Test_P_00942_LEFT_CC_1/10-04-2016-DDSM-89649/1.000000-ROI mask images-09011/1-2.dcm,MG,1,malignant,P_00942,left,5,cc,P_00942_LEFT_CC_mass_1,SPICULATED,IRREGULAR,
3289,1,mass,digitized,4,"[1127, 1704, 2279, 2855]",2,,,./data/CBIS-DDSM/Mass-Training_P_00968_LEFT_CC/07-20-2016-DDSM-73357/1.000000-full mammogram images-80787/1-1.dcm,./data/CBIS-DDSM/Mass-Training_P_00968_LEFT_CC_1/07-21-2016-DDSM-90287/1.000000-ROI mask images-23436/1-1.dcm,MG,1,malignant,P_00968,left,5,cc,P_00968_LEFT_CC_mass_1,SPICULATED,IRREGULAR,
749,1,mass,digitized,4,"[1044, 2804, 2196, 3955]",2,,,./data/CBIS-DDSM/Mass-Training_P_00968_LEFT_MLO/07-20-2016-DDSM-51159/1.000000-full mammogram images-04465/1-1.dcm,./data/CBIS-DDSM/Mass-Training_P_00968_LEFT_MLO_1/07-21-2016-DDSM-82652/1.000000-ROI mask images-36571/1-1.dcm,MG,1,malignant,P_00968,left,3,mlo,P_00968_LEFT_MLO_mass_1,ILL_DEFINED,LOBULATED,
1751,1,mass,digitized,3,"[0, 376, 793, 1527]",3,,,./data/CBIS-DDSM/Mass-Test_P_00969_LEFT_CC/10-04-2016-DDSM-06229/1.000000-full mammogram images-08413/1-1.dcm,./data/CBIS-DDSM/Mass-Test_P_00969_LEFT_CC_1/10-04-2016-DDSM-03704/1.000000-ROI mask images-04992/1-2.dcm,MG,2,benign,P_00969,left,3,cc,P_00969_LEFT_CC_mass_1,CIRCUMSCRIBED,ROUND,
2319,3,mass,digitized,4,"[296, 842, 1448, 1993]",3,,,./data/CBIS-DDSM/Mass-Test_P_00969_LEFT_CC/10-04-2016-DDSM-06229/1.000000-full mammogram images-08413/1-1.dcm,./data/CBIS-DDSM/Mass-Test_P_00969_LEFT_CC_3/10-04-2016-DDSM-42447/1.000000-ROI mask images-10847/1-2.dcm,MG,2,malignant,P_00969,left,2,cc,P_00969_LEFT_CC_mass_3,,ARCHITECTURAL_DISTORTION,
290,1,mass,digitized,3,"[534, 998, 1686, 2149]",3,,,./data/CBIS-DDSM/Mass-Test_P_00969_LEFT_MLO/10-04-2016-DDSM-09326/1.000000-full mammogram images-90204/1-1.dcm,./data/CBIS-DDSM/Mass-Test_P_00969_LEFT_MLO_1/10-04-2016-DDSM-52897/1.000000-ROI mask images-34010/1-2.dcm,MG,2,benign,P_00969,left,3,mlo,P_00969_LEFT_MLO_mass_1,CIRCUMSCRIBED,ROUND,
3290,4,mass,digitized,4,"[938, 1603, 2090, 2754]",3,,,./data/CBIS-DDSM/Mass-Test_P_00969_LEFT_MLO/10-04-2016-DDSM-09326/1.000000-full mammogram images-90204/1-1.dcm,./data/CBIS-DDSM/Mass-Test_P_00969_LEFT_MLO_4/10-04-2016-DDSM-87499/1.000000-ROI mask images-32161/1-2.dcm,MG,2,malignant,P_00969,left,2,mlo,P_00969_LEFT_MLO_mass_4,,ARCHITECTURAL_DISTORTION,
48,1,mass,digitized,2,"[1639, 2851, 2790, 4003]",2,,,./data/CBIS-DDSM/Mass-Training_P_00970_LEFT_MLO/07-20-2016-DDSM-99544/1.000000-full mammogram images-83065/1-1.dcm,./data/CBIS-DDSM/Mass-Training_P_00970_LEFT_MLO_1/07-21-2016-DDSM-33491/1.000000-ROI mask images-99750/1-1.dcm,MG,1,benign,P_00970,left,4,mlo,P_00970_LEFT_MLO_mass_1,CIRCUMSCRIBED,ROUND,
3130,1,mass,digitized,3,"[2124, 1339, 3276, 2490]",2,,,./data/CBIS-DDSM/Mass-Training_P_00982_RIGHT_CC/07-20-2016-DDSM-16188/1.000000-full mammogram images-17974/1-1.dcm,./data/CBIS-DDSM/Mass-Training_P_00982_RIGHT_CC_1/07-21-2016-DDSM-99423/1.000000-ROI mask images-53459/1-2.dcm,MG,1,benign,P_00982,right,4,cc,P_00982_RIGHT_CC_mass_1,CIRCUMSCRIBED,OVAL,
3185,1,mass,digitized,3,"[1874, 3210, 3026, 4361]",2,,,./data/CBIS-DDSM/Mass-Training_P_00982_RIGHT_MLO/07-20-2016-DDSM-22869/1.000000-full mammogram images-37841/1-1.dcm,./data/CBIS-DDSM/Mass-Training_P_00982_RIGHT_MLO_1/07-21-2016-DDSM-66848/1.000000-ROI mask images-16782/1-2.dcm,MG,1,benign,P_00982,right,4,mlo,P_00982_RIGHT_MLO_mass_1,CIRCUMSCRIBED,OVAL,
993,1,mass,digitized,5,"[1231, 1899, 2382, 3051]",4,,,./data/CBIS-DDSM/Mass-Test_P_00986_LEFT_MLO/10-04-2016-DDSM-89020/1.000000-full mammogram images-89853/1-1.dcm,./data/CBIS-DDSM/Mass-Test_P_00986_LEFT_MLO_1/10-04-2016-DDSM-04932/1.000000-ROI mask images-94442/1-2.dcm,MG,1,malignant,P_00986,left,4,mlo,P_00986_LEFT_MLO_mass_1,SPICULATED,IRREGULAR,
2427,1,mass,digitized,5,"[2208, 1667, 3359, 2818]",2,,,./data/CBIS-DDSM/Mass-Training_P_00995_LEFT_CC/07-20-2016-DDSM-23183/1.000000-full mammogram images-32069/1-1.dcm,./data/CBIS-DDSM/Mass-Training_P_00995_LEFT_CC_1/07-21-2016-DDSM-24516/1.000000-ROI mask images-18701/1-2.dcm,MG,1,malignant,P_00995,left,5,cc,P_00995_LEFT_CC_mass_1,SPICULATED,IRREGULAR,
2740,1,mass,digitized,5,"[2119, 3293, 3270, 4444]",2,,,./data/CBIS-DDSM/Mass-Training_P_00995_LEFT_MLO/07-20-2016-DDSM-85813/1.000000-full mammogram images-91901/1-1.dcm,./data/CBIS-DDSM/Mass-Training_P_00995_LEFT_MLO_1/07-21-2016-DDSM-73523/1.000000-ROI mask images-32472/1-2.dcm,MG,1,malignant,P_00995,left,5,mlo,P_00995_LEFT_MLO_mass_1,SPICULATED,IRREGULAR,
3108,1,mass,digitized,4,"[819, 3359, 1971, 4511]",2,,,./data/CBIS-DDSM/Mass-Training_P_01009_RIGHT_CC/07-20-2016-DDSM-23801/1.000000-full mammogram images-60356/1-1.dcm,./data/CBIS-DDSM/Mass-Training_P_01009_RIGHT_CC_1/07-21-2016-DDSM-24540/1.000000-ROI mask images-71266/1-1.dcm,MG,1,malignant,P_01009,right,2,cc,P_01009_RIGHT_CC_mass_1,OBSCURED,OVAL,
2474,1,mass,digitized,4,"[652, 3718, 1803, 4869]",2,,,./data/CBIS-DDSM/Mass-Training_P_01009_RIGHT_MLO/07-20-2016-DDSM-86546/1.000000-full mammogram images-12507/1-1.dcm,./data/CBIS-DDSM/Mass-Training_P_01009_RIGHT_MLO_1/07-21-2016-DDSM-50169/1.000000-ROI mask images-72271/1-2.dcm,MG,1,malignant,P_01009,right,3,mlo,P_01009_RIGHT_MLO_mass_1,OBSCURED,OVAL,
2515,1,mass,digitized,5,"[1890, 2465, 3041, 3616]",2,,,./data/CBIS-DDSM/Mass-Training_P_01031_LEFT_CC/07-20-2016-DDSM-72748/1.000000-full mammogram images-64401/1-1.dcm,./data/CBIS-DDSM/Mass-Training_P_01031_LEFT_CC_1/07-21-2016-DDSM-51172/1.000000-ROI mask images-89983/1-2.dcm,MG,1,malignant,P_01031,left,5,cc,P_01031_LEFT_CC_mass_1,SPICULATED,ARCHITECTURAL_DISTORTION,
3361,1,mass,digitized,5,"[0, 1713, 998, 2864]",2,,,./data/CBIS-DDSM/Mass-Test_P_01044_LEFT_MLO/10-04-2016-DDSM-13020/1.000000-full mammogram images-05841/1-1.dcm,./data/CBIS-DDSM/Mass-Test_P_01044_LEFT_MLO_1/10-04-2016-DDSM-66947/1.000000-ROI mask images-32813/1-2.dcm,MG,1,malignant,P_01044,left,4,mlo,P_01044_LEFT_MLO_mass_1,SPICULATED,IRREGULAR,
3109,1,mass,digitized,3,"[1796, 550, 2752, 1702]",3,,,./data/CBIS-DDSM/Mass-Training_P_01062_RIGHT_CC/07-20-2016-DDSM-99534/1.000000-full mammogram images-18351/1-1.dcm,./data/CBIS-DDSM/Mass-Training_P_01062_RIGHT_CC_1/07-21-2016-DDSM-95966/1.000000-ROI mask images-29755/1-2.dcm,MG,1,benign,P_01062,right,4,cc,P_01062_RIGHT_CC_mass_1,CIRCUMSCRIBED,ROUND,
977,1,mass,digitized,4,"[1273, 1244, 2424, 2396]",3,,,./data/CBIS-DDSM/Mass-Training_P_01062_RIGHT_MLO/07-20-2016-DDSM-70029/1.000000-full mammogram images-57226/1-1.dcm,./data/CBIS-DDSM/Mass-Training_P_01062_RIGHT_MLO_1/07-21-2016-DDSM-02168/1.000000-ROI mask images-81851/1-1.dcm,MG,1,benign,P_01062,right,4,mlo,P_01062_RIGHT_MLO_mass_1,CIRCUMSCRIBED-ILL_DEFINED,ROUND,
676,1,mass,digitized,3,"[2181, 1896, 3333, 3047]",2,,,./data/CBIS-DDSM/Mass-Test_P_01101_LEFT_CC/10-04-2016-DDSM-61939/1.000000-full mammogram images-80688/1-1.dcm,./data/CBIS-DDSM/Mass-Test_P_01101_LEFT_CC_1/10-04-2016-DDSM-61165/1.000000-ROI mask images-05346/1-2.dcm,MG,1,benign,P_01101,left,5,cc,P_01101_LEFT_CC_mass_1,ILL_DEFINED,LOBULATED,
856,1,mass,digitized,3,"[862, 3047, 2014, 4198]",1,,,./data/CBIS-DDSM/Mass-Test_P_01106_LEFT_MLO/10-04-2016-DDSM-75803/1.000000-full mammogram images-35709/1-1.dcm,./data/CBIS-DDSM/Mass-Test_P_01106_LEFT_MLO_1/10-04-2016-DDSM-57693/1.000000-ROI mask images-92817/1-2.dcm,MG,1,benign,P_01106,left,5,mlo,P_01106_LEFT_MLO_mass_1,CIRCUMSCRIBED,LOBULATED,
1668,1,mass,digitized,4,"[1103, 3056, 2255, 4207]",3,,,./data/CBIS-DDSM/Mass-Training_P_01109_LEFT_MLO/07-20-2016-DDSM-47363/1.000000-full mammogram images-70135/1-1.dcm,./data/CBIS-DDSM/Mass-Training_P_01109_LEFT_MLO_1/07-21-2016-DDSM-85581/1.000000-ROI mask images-76519/1-2.dcm,MG,1,malignant,P_01109,left,5,mlo,P_01109_LEFT_MLO_mass_1,CIRCUMSCRIBED,LOBULATED,
1776,1,mass,digitized,4,"[439, 1113, 1590, 2264]",2,,,./data/CBIS-DDSM/Mass-Training_P_01112_LEFT_CC/07-20-2016-DDSM-72155/1.000000-full mammogram images-40079/1-1.dcm,./data/CBIS-DDSM/Mass-Training_P_01112_LEFT_CC_1/07-21-2016-DDSM-65837/1.000000-ROI mask images-97706/1-1.dcm,MG,1,benign,P_01112,left,5,cc,P_01112_LEFT_CC_mass_1,SPICULATED,ARCHITECTURAL_DISTORTION,
2439,1,mass,digitized,4,"[1154, 1886, 2306, 3038]",2,,,./data/CBIS-DDSM/Mass-Training_P_01112_LEFT_MLO/07-20-2016-DDSM-96539/1.000000-full mammogram images-87628/1-1.dcm,./data/CBIS-DDSM/Mass-Training_P_01112_LEFT_MLO_1/07-21-2016-DDSM-19312/1.000000-ROI mask images-56623/1-1.dcm,MG,1,benign,P_01112,left,3,mlo,P_01112_LEFT_MLO_mass_1,SPICULATED,ARCHITECTURAL_DISTORTION,
446,1,mass,digitized,4,"[111, 2106, 1262, 3258]",2,,,./data/CBIS-DDSM/Mass-Training_P_01123_LEFT_CC/07-20-2016-DDSM-18676/1.000000-full mammogram images-96902/1-1.dcm,./data/CBIS-DDSM/Mass-Training_P_01123_LEFT_CC_1/07-21-2016-DDSM-99937/1.000000-ROI mask images-44598/1-1.dcm,MG,1,benign,P_01123,left,3,cc,P_01123_LEFT_CC_mass_1,CIRCUMSCRIBED,LOBULATED,
477,1,mass,digitized,4,"[332, 2149, 1484, 3301]",2,,,./data/CBIS-DDSM/Mass-Training_P_01123_LEFT_MLO/07-20-2016-DDSM-17689/1.000000-full mammogram images-20090/1-1.dcm,./data/CBIS-DDSM/Mass-Training_P_01123_LEFT_MLO_1/07-21-2016-DDSM-25399/1.000000-ROI mask images-90579/1-1.dcm,MG,1,benign,P_01123,left,3,mlo,P_01123_LEFT_MLO_mass_1,CIRCUMSCRIBED-ILL_DEFINED,LOBULATED,
1251,1,mass,digitized,4,"[2391, 2960, 3328, 4112]",1,,,./data/CBIS-DDSM/Mass-Training_P_01138_RIGHT_CC/07-20-2016-DDSM-65441/1.000000-full mammogram images-12133/1-1.dcm,./data/CBIS-DDSM/Mass-Training_P_01138_RIGHT_CC_1/07-21-2016-DDSM-21863/1.000000-ROI mask images-76816/1-2.dcm,MG,1,malignant,P_01138,right,5,cc,P_01138_RIGHT_CC_mass_1,SPICULATED,IRREGULAR-ARCHITECTURAL_DISTORTION,
1469,1,mass,digitized,4,"[2647, 1895, 3552, 3047]",1,,,./data/CBIS-DDSM/Mass-Training_P_01138_RIGHT_MLO/07-20-2016-DDSM-75730/1.000000-full mammogram images-53420/1-1.dcm,./data/CBIS-DDSM/Mass-Training_P_01138_RIGHT_MLO_1/07-21-2016-DDSM-30383/1.000000-ROI mask images-67947/1-2.dcm,MG,1,malignant,P_01138,right,5,mlo,P_01138_RIGHT_MLO_mass_1,SPICULATED,IRREGULAR,
305,1,mass,digitized,3,"[3222, 1841, 3944, 2993]",2,,,./data/CBIS-DDSM/Mass-Training_P_01149_RIGHT_CC/07-20-2016-DDSM-25690/1.000000-full mammogram images-13453/1-1.dcm,./data/CBIS-DDSM/Mass-Training_P_01149_RIGHT_CC_1/07-21-2016-DDSM-33348/1.000000-ROI mask images-09005/1-2.dcm,MG,1,malignant,P_01149,right,1,cc,P_01149_RIGHT_CC_mass_1,ILL_DEFINED,IRREGULAR,
954,1,mass,digitized,4,"[2093, 1798, 3245, 2949]",2,,,./data/CBIS-DDSM/Mass-Training_P_01149_RIGHT_MLO/07-20-2016-DDSM-77998/1.000000-full mammogram images-84409/1-1.dcm,./data/CBIS-DDSM/Mass-Training_P_01149_RIGHT_MLO_1/07-21-2016-DDSM-64426/1.000000-ROI mask images-87054/1-2.dcm,MG,1,malignant,P_01149,right,4,mlo,P_01149_RIGHT_MLO_mass_1,ILL_DEFINED,ARCHITECTURAL_DISTORTION,
2229,1,mass,digitized,4,"[0, 1965, 839, 3117]",2,,,./data/CBIS-DDSM/Mass-Training_P_01150_LEFT_CC/07-20-2016-DDSM-57437/1.000000-full mammogram images-94300/1-1.dcm,./data/CBIS-DDSM/Mass-Training_P_01150_LEFT_CC_1/07-21-2016-DDSM-40594/1.000000-ROI mask images-88638/1-2.dcm,MG,1,benign,P_01150,left,3,cc,P_01150_LEFT_CC_mass_1,CIRCUMSCRIBED-OBSCURED,LOBULATED,
21,1,mass,digitized,4,"[0, 2108, 1026, 3260]",2,,,./data/CBIS-DDSM/Mass-Training_P_01150_LEFT_MLO/07-20-2016-DDSM-90015/1.000000-full mammogram images-26037/1-1.dcm,./data/CBIS-DDSM/Mass-Training_P_01150_LEFT_MLO_1/07-21-2016-DDSM-69088/1.000000-ROI mask images-90264/1-1.dcm,MG,1,benign,P_01150,left,3,mlo,P_01150_LEFT_MLO_mass_1,CIRCUMSCRIBED,LOBULATED,
3390,1,mass,digitized,4,"[1104, 1805, 2255, 2956]",2,,,./data/CBIS-DDSM/Mass-Training_P_01153_RIGHT_CC/07-20-2016-DDSM-33607/1.000000-full mammogram images-37168/1-1.dcm,./data/CBIS-DDSM/Mass-Training_P_01153_RIGHT_CC_1/07-21-2016-DDSM-32095/1.000000-ROI mask images-95660/1-2.dcm,MG,1,benign,P_01153,right,3,cc,P_01153_RIGHT_CC_mass_1,OBSCURED,OVAL,
17,1,mass,digitized,4,"[0, 1940, 1124, 3092]",4,,,./data/CBIS-DDSM/Mass-Training_P_01158_RIGHT_CC/07-20-2016-DDSM-50747/1.000000-full mammogram images-04671/1-1.dcm,./data/CBIS-DDSM/Mass-Training_P_01158_RIGHT_CC_1/07-21-2016-DDSM-90297/1.000000-ROI mask images-30594/1-1.dcm,MG,1,benign,P_01158,right,3,cc,P_01158_RIGHT_CC_mass_1,OBSCURED,LOBULATED,
3239,1,mass,digitized,4,"[427, 2753, 1579, 3904]",4,,,./data/CBIS-DDSM/Mass-Training_P_01158_RIGHT_MLO/07-20-2016-DDSM-46544/1.000000-full mammogram images-87495/1-1.dcm,./data/CBIS-DDSM/Mass-Training_P_01158_RIGHT_MLO_1/07-21-2016-DDSM-37258/1.000000-ROI mask images-72959/1-2.dcm,MG,1,benign,P_01158,right,3,mlo,P_01158_RIGHT_MLO_mass_1,OBSCURED,LOBULATED,
2353,1,mass,digitized,0,"[9, 976, 1160, 2128]",2,,,./data/CBIS-DDSM/Mass-Training_P_01182_LEFT_CC/07-20-2016-DDSM-84129/1.000000-full mammogram images-94492/1-1.dcm,./data/CBIS-DDSM/Mass-Training_P_01182_LEFT_CC_1/07-21-2016-DDSM-64134/1.000000-ROI mask images-81844/1-1.dcm,MG,1,benign,P_01182,left,4,cc,P_01182_LEFT_CC_mass_1,MICROLOBULATED,OVAL,
1313,1,mass,digitized,0,"[0, 1451, 1018, 2602]",2,,,./data/CBIS-DDSM/Mass-Training_P_01182_LEFT_MLO/07-20-2016-DDSM-94728/1.000000-full mammogram images-28177/1-1.dcm,./data/CBIS-DDSM/Mass-Training_P_01182_LEFT_MLO_1/07-21-2016-DDSM-33290/1.000000-ROI mask images-93339/1-1.dcm,MG,1,benign,P_01182,left,4,mlo,P_01182_LEFT_MLO_mass_1,MICROLOBULATED,OVAL,
2753,1,mass,digitized,5,"[155, 1749, 1307, 2901]",1,,,./data/CBIS-DDSM/Mass-Training_P_01189_LEFT_CC/07-20-2016-DDSM-22498/1.000000-full mammogram images-73061/1-1.dcm,./data/CBIS-DDSM/Mass-Training_P_01189_LEFT_CC_1/07-21-2016-DDSM-52949/1.000000-ROI mask images-80129/1-2.dcm,MG,1,malignant,P_01189,left,4,cc,P_01189_LEFT_CC_mass_1,SPICULATED,IRREGULAR,
1080,1,mass,digitized,5,"[907, 1933, 2058, 3084]",1,,,./data/CBIS-DDSM/Mass-Training_P_01189_LEFT_MLO/07-20-2016-DDSM-91927/1.000000-full mammogram images-95243/1-1.dcm,./data/CBIS-DDSM/Mass-Training_P_01189_LEFT_MLO_1/07-21-2016-DDSM-12119/1.000000-ROI mask images-80687/1-2.dcm,MG,1,malignant,P_01189,left,5,mlo,P_01189_LEFT_MLO_mass_1,SPICULATED,IRREGULAR,
1226,1,mass,digitized,2,"[2224, 733, 3048, 1885]",3,,,./data/CBIS-DDSM/Mass-Training_P_01207_RIGHT_MLO/07-20-2016-DDSM-32071/1.000000-full mammogram images-31101/1-1.dcm,./data/CBIS-DDSM/Mass-Training_P_01207_RIGHT_MLO_1/07-21-2016-DDSM-87450/1.000000-ROI mask images-20656/1-1.dcm,MG,1,benign,P_01207,right,4,mlo,P_01207_RIGHT_MLO_mass_1,,FOCAL_ASYMMETRIC_DENSITY,
1377,1,mass,digitized,3,"[689, 1672, 1840, 2823]",1,,,./data/CBIS-DDSM/Mass-Training_P_01216_RIGHT_CC/07-20-2016-DDSM-27504/1.000000-full mammogram images-16794/1-1.dcm,./data/CBIS-DDSM/Mass-Training_P_01216_RIGHT_CC_1/07-21-2016-DDSM-49763/1.000000-ROI mask images-70575/1-2.dcm,MG,1,benign,P_01216,right,5,cc,P_01216_RIGHT_CC_mass_1,MICROLOBULATED,LOBULATED,
1296,1,mass,digitized,3,"[1088, 3670, 2240, 4822]",1,,,./data/CBIS-DDSM/Mass-Training_P_01216_RIGHT_MLO/07-20-2016-DDSM-25244/1.000000-full mammogram images-02902/1-1.dcm,./data/CBIS-DDSM/Mass-Training_P_01216_RIGHT_MLO_1/07-21-2016-DDSM-81476/1.000000-ROI mask images-94917/1-1.dcm,MG,1,benign,P_01216,right,5,mlo,P_01216_RIGHT_MLO_mass_1,CIRCUMSCRIBED,OVAL,
3381,1,mass,digitized,4,"[0, 489, 784, 1640]",3,,,./data/CBIS-DDSM/Mass-Training_P_01222_LEFT_MLO/07-20-2016-DDSM-46826/1.000000-full mammogram images-18079/1-1.dcm,./data/CBIS-DDSM/Mass-Training_P_01222_LEFT_MLO_1/07-21-2016-DDSM-42571/1.000000-ROI mask images-57165/1-1.dcm,MG,1,malignant,P_01222,left,5,mlo,P_01222_LEFT_MLO_mass_1,ILL_DEFINED,ROUND,
637,1,mass,digitized,0,"[1520, 2349, 2672, 3500]",3,,,./data/CBIS-DDSM/Mass-Training_P_01233_LEFT_CC/07-20-2016-DDSM-46801/1.000000-full mammogram images-39770/1-1.dcm,./data/CBIS-DDSM/Mass-Training_P_01233_LEFT_CC_1/07-21-2016-DDSM-41673/1.000000-ROI mask images-60289/1-2.dcm,MG,1,benign,P_01233,left,4,cc,P_01233_LEFT_CC_mass_1,OBSCURED,OVAL,
2927,1,mass,digitized,0,"[1950, 4127, 3102, 5279]",3,,,./data/CBIS-DDSM/Mass-Training_P_01233_LEFT_MLO/07-20-2016-DDSM-11702/1.000000-full mammogram images-26198/1-1.dcm,./data/CBIS-DDSM/Mass-Training_P_01233_LEFT_MLO_1/07-21-2016-DDSM-88955/1.000000-ROI mask images-37777/1-2.dcm,MG,1,benign,P_01233,left,4,mlo,P_01233_LEFT_MLO_mass_1,OBSCURED,OVAL,
171,1,mass,digitized,4,"[1716, 2092, 2867, 3243]",2,,,./data/CBIS-DDSM/Mass-Training_P_01279_LEFT_CC/07-20-2016-DDSM-29426/1.000000-full mammogram images-67779/1-1.dcm,./data/CBIS-DDSM/Mass-Training_P_01279_LEFT_CC_1/07-21-2016-DDSM-97110/1.000000-ROI mask images-58162/1-2.dcm,MG,1,benign,P_01279,left,5,cc,P_01279_LEFT_CC_mass_1,ILL_DEFINED,IRREGULAR,
3104,1,mass,digitized,3,"[633, 1705, 1785, 2857]",4,,,./data/CBIS-DDSM/Mass-Training_P_01297_LEFT_CC/07-20-2016-DDSM-33041/1.000000-full mammogram images-08397/1-1.dcm,./data/CBIS-DDSM/Mass-Training_P_01297_LEFT_CC_1/07-21-2016-DDSM-10175/1.000000-ROI mask images-62364/1-1.dcm,MG,1,benign,P_01297,left,3,cc,P_01297_LEFT_CC_mass_1,CIRCUMSCRIBED,ROUND,
3224,1,mass,digitized,3,"[804, 2666, 1956, 3818]",4,,,./data/CBIS-DDSM/Mass-Training_P_01297_LEFT_MLO/07-20-2016-DDSM-74113/1.000000-full mammogram images-09579/1-1.dcm,./data/CBIS-DDSM/Mass-Training_P_01297_LEFT_MLO_1/07-21-2016-DDSM-01888/1.000000-ROI mask images-12223/1-1.dcm,MG,1,benign,P_01297,left,3,mlo,P_01297_LEFT_MLO_mass_1,CIRCUMSCRIBED,ROUND,
2095,1,mass,digitized,5,"[1630, 1154, 2776, 2306]",2,,,./data/CBIS-DDSM/Mass-Training_P_01302_RIGHT_CC/07-20-2016-DDSM-58196/1.000000-full mammogram images-95742/1-1.dcm,./data/CBIS-DDSM/Mass-Training_P_01302_RIGHT_CC_1/07-21-2016-DDSM-03325/1.000000-ROI mask images-94679/1-1.dcm,MG,1,malignant,P_01302,right,5,cc,P_01302_RIGHT_CC_mass_1,MICROLOBULATED,IRREGULAR,
917,1,mass,digitized,5,"[1145, 1856, 2296, 3007]",2,,,./data/CBIS-DDSM/Mass-Training_P_01302_RIGHT_MLO/07-20-2016-DDSM-79478/1.000000-full mammogram images-79564/1-1.dcm,./data/CBIS-DDSM/Mass-Training_P_01302_RIGHT_MLO_1/07-21-2016-DDSM-78998/1.000000-ROI mask images-41472/1-1.dcm,MG,1,malignant,P_01302,right,5,mlo,P_01302_RIGHT_MLO_mass_1,MICROLOBULATED,IRREGULAR,
2145,1,mass,digitized,4,"[1334, 1149, 2486, 2300]",2,,,./data/CBIS-DDSM/Mass-Test_P_01316_RIGHT_CC/10-04-2016-DDSM-83611/1.000000-full mammogram images-01980/1-1.dcm,./data/CBIS-DDSM/Mass-Test_P_01316_RIGHT_CC_1/10-04-2016-DDSM-32768/1.000000-ROI mask images-91414/1-2.dcm,MG,1,benign,P_01316,right,4,cc,P_01316_RIGHT_CC_mass_1,CIRCUMSCRIBED,OVAL,
838,1,mass,digitized,4,"[716, 1783, 1868, 2935]",2,,,./data/CBIS-DDSM/Mass-Test_P_01316_RIGHT_MLO/10-04-2016-DDSM-31325/1.000000-full mammogram images-43516/1-1.dcm,./data/CBIS-DDSM/Mass-Test_P_01316_RIGHT_MLO_1/10-04-2016-DDSM-66517/1.000000-ROI mask images-43670/1-2.dcm,MG,1,benign,P_01316,right,4,mlo,P_01316_RIGHT_MLO_mass_1,CIRCUMSCRIBED,ROUND,
2862,1,mass,digitized,0,"[0, 1169, 994, 2321]",3,,,./data/CBIS-DDSM/Mass-Training_P_01324_LEFT_CC/07-20-2016-DDSM-74141/1.000000-full mammogram images-86822/1-1.dcm,./data/CBIS-DDSM/Mass-Training_P_01324_LEFT_CC_1/07-21-2016-DDSM-43815/1.000000-ROI mask images-01743/1-1.dcm,MG,1,malignant,P_01324,left,5,cc,P_01324_LEFT_CC_mass_1,,ARCHITECTURAL_DISTORTION,
1032,1,mass,digitized,0,"[181, 2950, 1333, 4102]",3,,,./data/CBIS-DDSM/Mass-Training_P_01324_LEFT_MLO/07-20-2016-DDSM-86924/1.000000-full mammogram images-79478/1-1.dcm,./data/CBIS-DDSM/Mass-Training_P_01324_LEFT_MLO_1/07-21-2016-DDSM-16448/1.000000-ROI mask images-32269/1-1.dcm,MG,1,malignant,P_01324,left,5,mlo,P_01324_LEFT_MLO_mass_1,,ARCHITECTURAL_DISTORTION,
3561,1,mass,digitized,0,"[0, 668, 1035, 1819]",2,,,./data/CBIS-DDSM/Mass-Test_P_01351_LEFT_CC/10-04-2016-DDSM-44072/1.000000-full mammogram images-17464/1-1.dcm,./data/CBIS-DDSM/Mass-Test_P_01351_LEFT_CC_1/10-04-2016-DDSM-28265/1.000000-ROI mask images-81970/1-2.dcm,MG,1,malignant,P_01351,left,3,cc,P_01351_LEFT_CC_mass_1,OBSCURED,IRREGULAR,
1780,1,mass,digitized,4,"[408, 1379, 1559, 2531]",3,,,./data/CBIS-DDSM/Mass-Training_P_01354_RIGHT_MLO/07-20-2016-DDSM-40218/1.000000-full mammogram images-61573/1-1.dcm,./data/CBIS-DDSM/Mass-Training_P_01354_RIGHT_MLO_1/07-21-2016-DDSM-91342/1.000000-ROI mask images-17064/1-1.dcm,MG,1,benign,P_01354,right,4,mlo,P_01354_RIGHT_MLO_mass_1,ILL_DEFINED,IRREGULAR,
447,1,mass,digitized,4,"[1928, 2756, 3079, 3908]",3,,,./data/CBIS-DDSM/Mass-Training_P_01362_LEFT_MLO/07-20-2016-DDSM-95332/1.000000-full mammogram images-94410/1-1.dcm,./data/CBIS-DDSM/Mass-Training_P_01362_LEFT_MLO_1/07-21-2016-DDSM-06054/1.000000-ROI mask images-84539/1-1.dcm,MG,1,benign,P_01362,left,4,mlo,P_01362_LEFT_MLO_mass_1,ILL_DEFINED,LOBULATED,
2948,1,mass,digitized,0,"[889, 2174, 1815, 3325]",3,,,./data/CBIS-DDSM/Mass-Training_P_01363_RIGHT_CC/07-20-2016-DDSM-38655/1.000000-full mammogram images-19820/1-1.dcm,./data/CBIS-DDSM/Mass-Training_P_01363_RIGHT_CC_1/07-21-2016-DDSM-11106/1.000000-ROI mask images-20554/1-1.dcm,MG,1,benign,P_01363,right,5,cc,P_01363_RIGHT_CC_mass_1,OBSCURED,OVAL,
818,1,mass,digitized,0,"[1009, 2750, 2024, 3901]",3,,,./data/CBIS-DDSM/Mass-Training_P_01363_RIGHT_MLO/07-20-2016-DDSM-79655/1.000000-full mammogram images-84704/1-1.dcm,./data/CBIS-DDSM/Mass-Training_P_01363_RIGHT_MLO_1/07-21-2016-DDSM-34336/1.000000-ROI mask images-37186/1-1.dcm,MG,1,benign,P_01363,right,5,mlo,P_01363_RIGHT_MLO_mass_1,OBSCURED,OVAL,
437,1,mass,digitized,5,"[1862, 2129, 3013, 3280]",1,,,./data/CBIS-DDSM/Mass-Training_P_01374_RIGHT_CC/07-20-2016-DDSM-47064/1.000000-full mammogram images-35467/1-1.dcm,./data/CBIS-DDSM/Mass-Training_P_01374_RIGHT_CC_1/07-21-2016-DDSM-84083/1.000000-ROI mask images-83160/1-2.dcm,MG,1,malignant,P_01374,right,5,cc,P_01374_RIGHT_CC_mass_1,SPICULATED,ROUND,
2608,1,mass,digitized,5,"[1429, 2469, 2581, 3621]",1,,,./data/CBIS-DDSM/Mass-Training_P_01374_RIGHT_MLO/07-20-2016-DDSM-13538/1.000000-full mammogram images-10423/1-1.dcm,./data/CBIS-DDSM/Mass-Training_P_01374_RIGHT_MLO_1/07-21-2016-DDSM-92129/1.000000-ROI mask images-76809/1-2.dcm,MG,1,malignant,P_01374,right,5,mlo,P_01374_RIGHT_MLO_mass_1,ILL_DEFINED,IRREGULAR,
3179,1,mass,digitized,4,"[0, 1724, 727, 2876]",2,,,./data/CBIS-DDSM/Mass-Training_P_01383_LEFT_CC/07-20-2016-DDSM-40706/1.000000-full mammogram images-10639/1-1.dcm,./data/CBIS-DDSM/Mass-Training_P_01383_LEFT_CC_1/07-21-2016-DDSM-85184/1.000000-ROI mask images-11958/1-1.dcm,MG,1,malignant,P_01383,left,1,cc,P_01383_LEFT_CC_mass_1,ILL_DEFINED,LOBULATED,
489,1,mass,digitized,4,"[0, 2619, 804, 3771]",2,,,./data/CBIS-DDSM/Mass-Training_P_01383_LEFT_MLO/07-20-2016-DDSM-89418/1.000000-full mammogram images-20618/1-1.dcm,./data/CBIS-DDSM/Mass-Training_P_01383_LEFT_MLO_1/07-21-2016-DDSM-01868/1.000000-ROI mask images-70986/1-1.dcm,MG,1,malignant,P_01383,left,4,mlo,P_01383_LEFT_MLO_mass_1,ILL_DEFINED,LOBULATED,
1107,1,mass,digitized,0,"[359, 878, 1511, 2029]",1,,,./data/CBIS-DDSM/Mass-Training_P_01388_LEFT_CC/07-20-2016-DDSM-29459/1.000000-full mammogram images-55961/1-1.dcm,./data/CBIS-DDSM/Mass-Training_P_01388_LEFT_CC_1/07-21-2016-DDSM-60147/1.000000-ROI mask images-93679/1-1.dcm,MG,1,benign,P_01388,left,4,cc,P_01388_LEFT_CC_mass_1,MICROLOBULATED,LOBULATED,
886,1,mass,digitized,0,"[1316, 2090, 2467, 3241]",1,,,./data/CBIS-DDSM/Mass-Training_P_01388_LEFT_MLO/07-20-2016-DDSM-96331/1.000000-full mammogram images-18391/1-1.dcm,./data/CBIS-DDSM/Mass-Training_P_01388_LEFT_MLO_1/07-21-2016-DDSM-35649/1.000000-ROI mask images-64302/1-2.dcm,MG,1,benign,P_01388,left,4,mlo,P_01388_LEFT_MLO_mass_1,MICROLOBULATED,LOBULATED,
2866,1,mass,digitized,0,"[1543, 1793, 2695, 2944]",2,,,./data/CBIS-DDSM/Mass-Training_P_01423_RIGHT_CC/07-20-2016-DDSM-08077/1.000000-full mammogram images-15428/1-1.dcm,./data/CBIS-DDSM/Mass-Training_P_01423_RIGHT_CC_1/07-21-2016-DDSM-59344/1.000000-ROI mask images-13087/1-1.dcm,MG,1,benign,P_01423,right,5,cc,P_01423_RIGHT_CC_mass_1,ILL_DEFINED,OVAL,
734,1,mass,digitized,0,"[1791, 2961, 2885, 4112]",2,,,./data/CBIS-DDSM/Mass-Training_P_01423_RIGHT_MLO/07-20-2016-DDSM-94543/1.000000-full mammogram images-26358/1-1.dcm,./data/CBIS-DDSM/Mass-Training_P_01423_RIGHT_MLO_1/07-21-2016-DDSM-02518/1.000000-ROI mask images-37832/1-1.dcm,MG,1,benign,P_01423,right,5,mlo,P_01423_RIGHT_MLO_mass_1,ILL_DEFINED,OVAL,
1761,1,mass,digitized,4,"[364, 3309, 1516, 4460]",2,,,./data/CBIS-DDSM/Mass-Training_P_01444_RIGHT_MLO/07-20-2016-DDSM-86405/1.000000-full mammogram images-85067/1-1.dcm,./data/CBIS-DDSM/Mass-Training_P_01444_RIGHT_MLO_1/07-21-2016-DDSM-12345/1.000000-ROI mask images-36018/1-1.dcm,MG,1,malignant,P_01444,right,1,mlo,P_01444_RIGHT_MLO_mass_1,SPICULATED,IRREGULAR,
488,1,mass,digitized,4,"[2104, 2507, 2800, 3658]",2,,,./data/CBIS-DDSM/Mass-Training_P_01452_RIGHT_CC/07-20-2016-DDSM-71325/1.000000-full mammogram images-36328/1-1.dcm,./data/CBIS-DDSM/Mass-Training_P_01452_RIGHT_CC_1/07-21-2016-DDSM-91240/1.000000-ROI mask images-30218/1-2.dcm,MG,1,benign,P_01452,right,4,cc,P_01452_RIGHT_CC_mass_1,CIRCUMSCRIBED,LOBULATED,
2146,1,mass,digitized,4,"[0, 2626, 1128, 3778]",3,,,./data/CBIS-DDSM/Mass-Training_P_01453_LEFT_MLO/07-20-2016-DDSM-76160/1.000000-full mammogram images-25196/1-1.dcm,./data/CBIS-DDSM/Mass-Training_P_01453_LEFT_MLO_1/07-21-2016-DDSM-32012/1.000000-ROI mask images-38502/1-1.dcm,MG,1,benign,P_01453,left,2,mlo,P_01453_LEFT_MLO_mass_1,OBSCURED,ROUND,
1440,2,mass,digitized,4,"[2025, 1754, 3128, 2906]",3,,,./data/CBIS-DDSM/Mass-Test_P_01467_RIGHT_CC/10-04-2016-DDSM-08687/1.000000-full mammogram images-97320/1-1.dcm,./data/CBIS-DDSM/Mass-Test_P_01467_RIGHT_CC_2/10-04-2016-DDSM-68238/1.000000-ROI mask images-40183/1-2.dcm,MG,1,malignant,P_01467,right,4,cc,P_01467_RIGHT_CC_mass_2,OBSCURED-ILL_DEFINED,IRREGULAR-ARCHITECTURAL_DISTORTION,
991,1,mass,digitized,5,"[0, 2451, 1043, 3602]",3,,,./data/CBIS-DDSM/Mass-Training_P_01501_RIGHT_CC/07-20-2016-DDSM-77223/1.000000-full mammogram images-36076/1-1.dcm,./data/CBIS-DDSM/Mass-Training_P_01501_RIGHT_CC_1/07-21-2016-DDSM-88635/1.000000-ROI mask images-47402/1-1.dcm,MG,1,malignant,P_01501,right,5,cc,P_01501_RIGHT_CC_mass_1,SPICULATED,IRREGULAR,
2759,1,mass,digitized,5,"[753, 2249, 1904, 3400]",3,,,./data/CBIS-DDSM/Mass-Training_P_01501_RIGHT_MLO/07-20-2016-DDSM-81575/1.000000-full mammogram images-82701/1-1.dcm,./data/CBIS-DDSM/Mass-Training_P_01501_RIGHT_MLO_1/07-21-2016-DDSM-49147/1.000000-ROI mask images-45995/1-1.dcm,MG,1,malignant,P_01501,right,5,mlo,P_01501_RIGHT_MLO_mass_1,SPICULATED,IRREGULAR,
223,1,mass,digitized,4,"[71, 2797, 1223, 3948]",2,,,./data/CBIS-DDSM/Mass-Test_P_01502_LEFT_CC/10-04-2016-DDSM-52855/1.000000-full mammogram images-67878/1-1.dcm,./data/CBIS-DDSM/Mass-Test_P_01502_LEFT_CC_1/10-04-2016-DDSM-74201/1.000000-ROI mask images-88859/1-2.dcm,MG,1,benign,P_01502,left,3,cc,P_01502_LEFT_CC_mass_1,ILL_DEFINED,OVAL,
1990,1,mass,digitized,4,"[535, 2825, 1686, 3977]",2,,,./data/CBIS-DDSM/Mass-Test_P_01502_LEFT_MLO/10-04-2016-DDSM-19089/1.000000-full mammogram images-31137/1-1.dcm,./data/CBIS-DDSM/Mass-Test_P_01502_LEFT_MLO_1/10-04-2016-DDSM-11530/1.000000-ROI mask images-46386/1-2.dcm,MG,1,benign,P_01502,left,5,mlo,P_01502_LEFT_MLO_mass_1,CIRCUMSCRIBED,OVAL,
103,1,mass,digitized,4,"[1772, 2772, 2924, 3924]",1,,,./data/CBIS-DDSM/Mass-Training_P_01508_LEFT_MLO/07-20-2016-DDSM-75871/1.000000-full mammogram images-61900/1-1.dcm,./data/CBIS-DDSM/Mass-Training_P_01508_LEFT_MLO_1/07-21-2016-DDSM-85558/1.000000-ROI mask images-61294/1-2.dcm,MG,1,benign,P_01508,left,3,mlo,P_01508_LEFT_MLO_mass_1,ILL_DEFINED,OVAL,
1113,1,mass,digitized,5,"[283, 3322, 1435, 4473]",4,,,./data/CBIS-DDSM/Mass-Training_P_01509_RIGHT_CC/07-20-2016-DDSM-14556/1.000000-full mammogram images-72485/1-1.dcm,./data/CBIS-DDSM/Mass-Training_P_01509_RIGHT_CC_1/07-21-2016-DDSM-70066/1.000000-ROI mask images-24467/1-2.dcm,MG,1,malignant,P_01509,right,2,cc,P_01509_RIGHT_CC_mass_1,SPICULATED,IRREGULAR,
736,1,mass,digitized,5,"[0, 3184, 1128, 4335]",4,,,./data/CBIS-DDSM/Mass-Training_P_01509_RIGHT_MLO/07-20-2016-DDSM-45208/1.000000-full mammogram images-30463/1-1.dcm,./data/CBIS-DDSM/Mass-Training_P_01509_RIGHT_MLO_1/07-21-2016-DDSM-83542/1.000000-ROI mask images-43110/1-2.dcm,MG,1,malignant,P_01509,right,2,mlo,P_01509_RIGHT_MLO_mass_1,SPICULATED,IRREGULAR,
1609,1,mass,digitized,3,"[1903, 2329, 3055, 3480]",2,,,./data/CBIS-DDSM/Mass-Training_P_01531_RIGHT_MLO/07-20-2016-DDSM-08081/1.000000-full mammogram images-60148/1-1.dcm,./data/CBIS-DDSM/Mass-Training_P_01531_RIGHT_MLO_1/07-21-2016-DDSM-03573/1.000000-ROI mask images-28493/1-2.dcm,MG,1,benign,P_01531,right,5,mlo,P_01531_RIGHT_MLO_mass_1,MICROLOBULATED,LOBULATED,
1433,1,mass,digitized,4,"[340, 1213, 1492, 2364]",2,,,./data/CBIS-DDSM/Mass-Training_P_01560_RIGHT_CC/07-20-2016-DDSM-40416/1.000000-full mammogram images-83859/1-1.dcm,./data/CBIS-DDSM/Mass-Training_P_01560_RIGHT_CC_1/07-21-2016-DDSM-12447/1.000000-ROI mask images-70573/1-2.dcm,MG,1,benign,P_01560,right,4,cc,P_01560_RIGHT_CC_mass_1,CIRCUMSCRIBED,LOBULATED,
186,1,mass,digitized,4,"[1241, 3037, 2393, 4189]",2,,,./data/CBIS-DDSM/Mass-Training_P_01560_RIGHT_MLO/07-20-2016-DDSM-56326/1.000000-full mammogram images-25032/1-1.dcm,./data/CBIS-DDSM/Mass-Training_P_01560_RIGHT_MLO_1/07-21-2016-DDSM-86334/1.000000-ROI mask images-33600/1-2.dcm,MG,1,benign,P_01560,right,4,mlo,P_01560_RIGHT_MLO_mass_1,CIRCUMSCRIBED,LOBULATED,
2636,1,mass,digitized,3,"[0, 1087, 1129, 2238]",3,,,./data/CBIS-DDSM/Mass-Training_P_01567_LEFT_MLO/07-20-2016-DDSM-55605/1.000000-full mammogram images-71905/1-1.dcm,./data/CBIS-DDSM/Mass-Training_P_01567_LEFT_MLO_1/07-21-2016-DDSM-63261/1.000000-ROI mask images-05023/1-1.dcm,MG,1,benign,P_01567,left,5,mlo,P_01567_LEFT_MLO_mass_1,MICROLOBULATED,ROUND,
669,1,mass,digitized,4,"[1337, 3210, 2489, 4362]",1,,,./data/CBIS-DDSM/Mass-Training_P_01572_RIGHT_CC/07-20-2016-DDSM-43681/1.000000-full mammogram images-33078/1-1.dcm,./data/CBIS-DDSM/Mass-Training_P_01572_RIGHT_CC_1/07-21-2016-DDSM-75178/1.000000-ROI mask images-48613/1-2.dcm,MG,1,benign,P_01572,right,3,cc,P_01572_RIGHT_CC_mass_1,CIRCUMSCRIBED-ILL_DEFINED,LOBULATED,
3022,1,mass,digitized,4,"[1451, 3095, 2602, 4246]",1,,,./data/CBIS-DDSM/Mass-Training_P_01572_RIGHT_MLO/07-20-2016-DDSM-87007/1.000000-full mammogram images-49164/1-1.dcm,./data/CBIS-DDSM/Mass-Training_P_01572_RIGHT_MLO_1/07-21-2016-DDSM-15140/1.000000-ROI mask images-21256/1-2.dcm,MG,1,benign,P_01572,right,3,mlo,P_01572_RIGHT_MLO_mass_1,CIRCUMSCRIBED-ILL_DEFINED,LOBULATED,
1682,1,mass,digitized,4,"[1709, 1843, 2491, 2994]",3,,,./data/CBIS-DDSM/Mass-Test_P_01590_LEFT_CC/10-04-2016-DDSM-53430/1.000000-full mammogram images-05531/1-1.dcm,./data/CBIS-DDSM/Mass-Test_P_01590_LEFT_CC_1/10-04-2016-DDSM-67813/1.000000-ROI mask images-76016/1-2.dcm,MG,1,benign,P_01590,left,3,cc,P_01590_LEFT_CC_mass_1,ILL_DEFINED,ROUND,
2783,1,mass,digitized,4,"[1967, 2497, 2821, 3648]",3,,,./data/CBIS-DDSM/Mass-Test_P_01590_LEFT_MLO/10-04-2016-DDSM-44615/1.000000-full mammogram images-35560/1-1.dcm,./data/CBIS-DDSM/Mass-Test_P_01590_LEFT_MLO_1/10-04-2016-DDSM-52079/1.000000-ROI mask images-48705/1-2.dcm,MG,1,benign,P_01590,left,3,mlo,P_01590_LEFT_MLO_mass_1,ILL_DEFINED,ROUND,
1396,1,mass,digitized,4,"[434, 3168, 1585, 4319]",2,,,./data/CBIS-DDSM/Mass-Training_P_01591_LEFT_CC/07-20-2016-DDSM-85885/1.000000-full mammogram images-10184/1-1.dcm,./data/CBIS-DDSM/Mass-Training_P_01591_LEFT_CC_1/07-21-2016-DDSM-01299/1.000000-ROI mask images-92579/1-1.dcm,MG,1,malignant,P_01591,left,5,cc,P_01591_LEFT_CC_mass_1,SPICULATED,ROUND,
2819,1,mass,digitized,4,"[593, 3246, 1745, 4398]",2,,,./data/CBIS-DDSM/Mass-Training_P_01591_LEFT_MLO/07-20-2016-DDSM-57207/1.000000-full mammogram images-22402/1-1.dcm,./data/CBIS-DDSM/Mass-Training_P_01591_LEFT_MLO_1/07-21-2016-DDSM-16463/1.000000-ROI mask images-89241/1-2.dcm,MG,1,malignant,P_01591,left,5,mlo,P_01591_LEFT_MLO_mass_1,SPICULATED,ROUND,
2828,1,mass,digitized,4,"[1332, 2500, 2484, 3651]",3,,,./data/CBIS-DDSM/Mass-Training_P_01613_LEFT_CC/07-20-2016-DDSM-21806/1.000000-full mammogram images-65791/1-1.dcm,./data/CBIS-DDSM/Mass-Training_P_01613_LEFT_CC_1/07-21-2016-DDSM-32631/1.000000-ROI mask images-93816/1-2.dcm,MG,1,benign,P_01613,left,2,cc,P_01613_LEFT_CC_mass_1,OBSCURED,LOBULATED,
2083,1,mass,digitized,4,"[1514, 3497, 2666, 4649]",3,,,./data/CBIS-DDSM/Mass-Training_P_01613_LEFT_MLO/07-20-2016-DDSM-12001/1.000000-full mammogram images-64377/1-1.dcm,./data/CBIS-DDSM/Mass-Training_P_01613_LEFT_MLO_1/07-21-2016-DDSM-85763/1.000000-ROI mask images-35227/1-2.dcm,MG,1,benign,P_01613,left,2,mlo,P_01613_LEFT_MLO_mass_1,OBSCURED,LOBULATED,
393,1,mass,digitized,4,"[1650, 1236, 2802, 2388]",2,,,./data/CBIS-DDSM/Mass-Test_P_01614_LEFT_MLO/10-04-2016-DDSM-52303/1.000000-full mammogram images-81789/1-1.dcm,./data/CBIS-DDSM/Mass-Test_P_01614_LEFT_MLO_1/09-27-2017-DDSM-27640/1.000000-ROI mask images-80384/1-2.dcm,MG,1,benign,P_01614,left,1,mlo,P_01614_LEFT_MLO_mass_1,ILL_DEFINED,IRREGULAR,
1021,1,mass,digitized,3,"[1784, 1179, 2856, 2330]",3,,,./data/CBIS-DDSM/Mass-Training_P_01620_RIGHT_CC/07-20-2016-DDSM-46277/1.000000-full mammogram images-65012/1-1.dcm,./data/CBIS-DDSM/Mass-Training_P_01620_RIGHT_CC_1/07-21-2016-DDSM-11124/1.000000-ROI mask images-72536/1-1.dcm,MG,1,benign,P_01620,right,4,cc,P_01620_RIGHT_CC_mass_1,OBSCURED,OVAL,
2158,1,mass,digitized,3,"[1389, 1902, 2540, 3053]",3,,,./data/CBIS-DDSM/Mass-Training_P_01620_RIGHT_MLO/07-20-2016-DDSM-19631/1.000000-full mammogram images-04307/1-1.dcm,./data/CBIS-DDSM/Mass-Training_P_01620_RIGHT_MLO_1/07-21-2016-DDSM-05290/1.000000-ROI mask images-49897/1-2.dcm,MG,1,benign,P_01620,right,4,mlo,P_01620_RIGHT_MLO_mass_1,OBSCURED,OVAL,
3317,1,mass,digitized,0,"[470, 3257, 1621, 4409]",4,,,./data/CBIS-DDSM/Mass-Training_P_01638_RIGHT_CC/07-20-2016-DDSM-84017/1.000000-full mammogram images-97325/1-1.dcm,./data/CBIS-DDSM/Mass-Training_P_01638_RIGHT_CC_1/07-21-2016-DDSM-43581/1.000000-ROI mask images-23235/1-1.dcm,MG,1,benign,P_01638,right,3,cc,P_01638_RIGHT_CC_mass_1,OBSCURED,LOBULATED,
589,1,mass,digitized,0,"[694, 3373, 1846, 4525]",4,,,./data/CBIS-DDSM/Mass-Training_P_01638_RIGHT_MLO/07-20-2016-DDSM-74899/1.000000-full mammogram images-82136/1-1.dcm,./data/CBIS-DDSM/Mass-Training_P_01638_RIGHT_MLO_1/07-21-2016-DDSM-68825/1.000000-ROI mask images-38420/1-2.dcm,MG,1,benign,P_01638,right,3,mlo,P_01638_RIGHT_MLO_mass_1,OBSCURED,LOBULATED,
2111,1,mass,digitized,5,"[1182, 1549, 2334, 2700]",4,,,./data/CBIS-DDSM/Mass-Test_P_01640_LEFT_MLO/10-04-2016-DDSM-50810/1.000000-full mammogram images-81586/1-1.dcm,./data/CBIS-DDSM/Mass-Test_P_01640_LEFT_MLO_1/10-04-2016-DDSM-47922/1.000000-ROI mask images-54852/1-2.dcm,MG,1,malignant,P_01640,left,4,mlo,P_01640_LEFT_MLO_mass_1,SPICULATED,LOBULATED,
2582,1,mass,digitized,3,"[0, 1502, 874, 2654]",1,,,./data/CBIS-DDSM/Mass-Training_P_01717_LEFT_CC/07-20-2016-DDSM-83871/1.000000-full mammogram images-94767/1-1.dcm,./data/CBIS-DDSM/Mass-Training_P_01717_LEFT_CC_1/07-21-2016-DDSM-43781/1.000000-ROI mask images-54621/1-1.dcm,MG,1,benign,P_01717,left,4,cc,P_01717_LEFT_CC_mass_1,,FOCAL_ASYMMETRIC_DENSITY,
2796,1,mass,digitized,3,"[0, 2328, 1066, 3479]",1,,,./data/CBIS-DDSM/Mass-Training_P_01717_LEFT_MLO/07-20-2016-DDSM-15549/1.000000-full mammogram images-20339/1-1.dcm,./data/CBIS-DDSM/Mass-Training_P_01717_LEFT_MLO_1/07-21-2016-DDSM-05484/1.000000-ROI mask images-09779/1-1.dcm,MG,1,benign,P_01717,left,5,mlo,P_01717_LEFT_MLO_mass_1,SPICULATED,IRREGULAR,
2539,1,mass,digitized,4,"[1245, 1750, 2397, 2901]",1,,,./data/CBIS-DDSM/Mass-Test_P_01726_RIGHT_CC/10-04-2016-DDSM-24693/1.000000-full mammogram images-07274/1-1.dcm,./data/CBIS-DDSM/Mass-Test_P_01726_RIGHT_CC_1/10-04-2016-DDSM-40209/1.000000-ROI mask images-45352/1-2.dcm,MG,1,benign,P_01726,right,5,cc,P_01726_RIGHT_CC_mass_1,CIRCUMSCRIBED,ROUND,
2437,1,mass,digitized,4,"[693, 2307, 1844, 3458]",1,,,./data/CBIS-DDSM/Mass-Test_P_01726_RIGHT_MLO/10-04-2016-DDSM-50717/1.000000-full mammogram images-94367/1-1.dcm,./data/CBIS-DDSM/Mass-Test_P_01726_RIGHT_MLO_1/10-04-2016-DDSM-92926/1.000000-ROI mask images-25430/1-2.dcm,MG,1,benign,P_01726,right,5,mlo,P_01726_RIGHT_MLO_mass_1,CIRCUMSCRIBED,OVAL,
603,1,mass,digitized,5,"[0, 1611, 809, 2762]",1,,,./data/CBIS-DDSM/Mass-Training_P_01754_RIGHT_CC/07-20-2016-DDSM-69669/1.000000-full mammogram images-14849/1-1.dcm,./data/CBIS-DDSM/Mass-Training_P_01754_RIGHT_CC_1/07-21-2016-DDSM-83206/1.000000-ROI mask images-22176/1-2.dcm,MG,1,malignant,P_01754,right,5,cc,P_01754_RIGHT_CC_mass_1,ILL_DEFINED,IRREGULAR,
3105,1,mass,digitized,5,"[68, 2527, 1219, 3679]",1,,,./data/CBIS-DDSM/Mass-Training_P_01754_RIGHT_MLO/07-20-2016-DDSM-05007/1.000000-full mammogram images-54020/1-1.dcm,./data/CBIS-DDSM/Mass-Training_P_01754_RIGHT_MLO_1/07-21-2016-DDSM-57551/1.000000-ROI mask images-08055/1-2.dcm,MG,1,malignant,P_01754,right,5,mlo,P_01754_RIGHT_MLO_mass_1,ILL_DEFINED,IRREGULAR,
685,1,mass,digitized,5,"[131, 2660, 1282, 3811]",2,,,./data/CBIS-DDSM/Mass-Training_P_01768_LEFT_CC/07-20-2016-DDSM-77842/1.000000-full mammogram images-01658/1-1.dcm,./data/CBIS-DDSM/Mass-Training_P_01768_LEFT_CC_1/07-21-2016-DDSM-24469/1.000000-ROI mask images-74529/1-2.dcm,MG,1,malignant,P_01768,left,5,cc,P_01768_LEFT_CC_mass_1,MICROLOBULATED,LOBULATED,
2512,1,mass,digitized,5,"[47, 2975, 1198, 4127]",2,,,./data/CBIS-DDSM/Mass-Training_P_01768_LEFT_MLO/07-20-2016-DDSM-18162/1.000000-full mammogram images-63060/1-1.dcm,./data/CBIS-DDSM/Mass-Training_P_01768_LEFT_MLO_1/07-21-2016-DDSM-48691/1.000000-ROI mask images-54735/1-1.dcm,MG,1,malignant,P_01768,left,5,mlo,P_01768_LEFT_MLO_mass_1,MICROLOBULATED,LOBULATED,
1985,1,mass,digitized,5,"[0, 1167, 688, 2319]",1,,,./data/CBIS-DDSM/Mass-Training_P_01780_LEFT_CC/07-20-2016-DDSM-01733/1.000000-full mammogram images-32117/1-1.dcm,./data/CBIS-DDSM/Mass-Training_P_01780_LEFT_CC_1/07-21-2016-DDSM-18151/1.000000-ROI mask images-60942/1-1.dcm,MG,1,malignant,P_01780,left,5,cc,P_01780_LEFT_CC_mass_1,SPICULATED,IRREGULAR,
2865,1,mass,digitized,5,"[0, 1841, 1052, 2992]",1,,,./data/CBIS-DDSM/Mass-Training_P_01780_LEFT_MLO/07-20-2016-DDSM-38082/1.000000-full mammogram images-48526/1-1.dcm,./data/CBIS-DDSM/Mass-Training_P_01780_LEFT_MLO_1/07-21-2016-DDSM-84353/1.000000-ROI mask images-02358/1-1.dcm,MG,1,malignant,P_01780,left,5,mlo,P_01780_LEFT_MLO_mass_1,SPICULATED,IRREGULAR,
2436,1,mass,digitized,4,"[2633, 470, 3544, 1622]",2,,,./data/CBIS-DDSM/Mass-Training_P_01788_RIGHT_CC/07-20-2016-DDSM-96721/1.000000-full mammogram images-16309/1-1.dcm,./data/CBIS-DDSM/Mass-Training_P_01788_RIGHT_CC_1/07-21-2016-DDSM-60750/1.000000-ROI mask images-42595/1-1.dcm,MG,1,malignant,P_01788,right,3,cc,P_01788_RIGHT_CC_mass_1,SPICULATED,IRREGULAR,
617,1,mass,digitized,4,"[2305, 2064, 3456, 3215]",2,,,./data/CBIS-DDSM/Mass-Training_P_01788_RIGHT_MLO/07-20-2016-DDSM-16194/1.000000-full mammogram images-57896/1-1.dcm,./data/CBIS-DDSM/Mass-Training_P_01788_RIGHT_MLO_1/07-21-2016-DDSM-65593/1.000000-ROI mask images-64008/1-2.dcm,MG,1,malignant,P_01788,right,4,mlo,P_01788_RIGHT_MLO_mass_1,SPICULATED,IRREGULAR,
853,1,mass,digitized,2,"[0, 488, 691, 1640]",4,,,./data/CBIS-DDSM/Mass-Test_P_01800_LEFT_CC/10-04-2016-DDSM-60462/1.000000-full mammogram images-07990/1-1.dcm,./data/CBIS-DDSM/Mass-Test_P_01800_LEFT_CC_1/10-04-2016-DDSM-16989/1.000000-ROI mask images-25912/1-2.dcm,MG,1,malignant,P_01800,left,2,cc,P_01800_LEFT_CC_mass_1,ILL_DEFINED,IRREGULAR,
74,1,mass,digitized,4,"[328, 492, 1479, 1644]",4,,,./data/CBIS-DDSM/Mass-Test_P_01800_LEFT_MLO/10-04-2016-DDSM-38950/1.000000-full mammogram images-85971/1-1.dcm,./data/CBIS-DDSM/Mass-Test_P_01800_LEFT_MLO_1/10-04-2016-DDSM-53990/1.000000-ROI mask images-63861/1-2.dcm,MG,1,malignant,P_01800,left,3,mlo,P_01800_LEFT_MLO_mass_1,ILL_DEFINED-SPICULATED,IRREGULAR,
2526,1,mass,digitized,3,"[1756, 108, 2908, 1260]",4,,,./data/CBIS-DDSM/Mass-Test_P_01800_RIGHT_CC/10-04-2016-DDSM-54158/1.000000-full mammogram images-66908/1-1.dcm,./data/CBIS-DDSM/Mass-Test_P_01800_RIGHT_CC_1/10-04-2016-DDSM-71187/1.000000-ROI mask images-10229/1-2.dcm,MG,1,benign,P_01800,right,3,cc,P_01800_RIGHT_CC_mass_1,SPICULATED,IRREGULAR-ARCHITECTURAL_DISTORTION,
628,2,mass,digitized,4,"[1162, 1355, 2314, 2507]",2,,,./data/CBIS-DDSM/Mass-Training_P_01803_RIGHT_CC/07-20-2016-DDSM-28334/1.000000-full mammogram images-50055/1-1.dcm,./data/CBIS-DDSM/Mass-Training_P_01803_RIGHT_CC_2/07-21-2016-DDSM-50622/1.000000-ROI mask images-44728/1-1.dcm,MG,1,malignant,P_01803,right,2,cc,P_01803_RIGHT_CC_mass_2,SPICULATED,ARCHITECTURAL_DISTORTION,
3545,2,mass,digitized,5,"[697, 1416, 1848, 2568]",2,,,./data/CBIS-DDSM/Mass-Training_P_01803_RIGHT_MLO/07-20-2016-DDSM-91893/1.000000-full mammogram images-64669/1-1.dcm,./data/CBIS-DDSM/Mass-Training_P_01803_RIGHT_MLO_2/07-21-2016-DDSM-54559/1.000000-ROI mask images-02301/1-1.dcm,MG,1,malignant,P_01803,right,3,mlo,P_01803_RIGHT_MLO_mass_2,SPICULATED,ARCHITECTURAL_DISTORTION,
3426,1,mass,digitized,5,"[1155, 1197, 2281, 2348]",4,,,./data/CBIS-DDSM/Mass-Training_P_01814_RIGHT_CC/07-20-2016-DDSM-68839/1.000000-full mammogram images-76955/1-1.dcm,./data/CBIS-DDSM/Mass-Training_P_01814_RIGHT_CC_1/07-21-2016-DDSM-30399/1.000000-ROI mask images-79590/1-2.dcm,MG,1,malignant,P_01814,right,4,cc,P_01814_RIGHT_CC_mass_1,,ARCHITECTURAL_DISTORTION,
1194,1,mass,digitized,3,"[0, 2450, 901, 3601]",1,,,./data/CBIS-DDSM/Mass-Training_P_01822_LEFT_CC/07-20-2016-DDSM-66308/1.000000-full mammogram images-23916/1-1.dcm,./data/CBIS-DDSM/Mass-Training_P_01822_LEFT_CC_1/07-21-2016-DDSM-14273/1.000000-ROI mask images-62897/1-1.dcm,MG,1,benign,P_01822,left,5,cc,P_01822_LEFT_CC_mass_1,MICROLOBULATED,IRREGULAR,
2564,1,mass,digitized,3,"[197, 2083, 1349, 3234]",1,,,./data/CBIS-DDSM/Mass-Training_P_01822_LEFT_MLO/07-20-2016-DDSM-71066/1.000000-full mammogram images-07249/1-1.dcm,./data/CBIS-DDSM/Mass-Training_P_01822_LEFT_MLO_1/07-21-2016-DDSM-52289/1.000000-ROI mask images-13718/1-1.dcm,MG,1,benign,P_01822,left,3,mlo,P_01822_LEFT_MLO_mass_1,CIRCUMSCRIBED,OVAL,
89,1,mass,digitized,4,"[858, 2806, 2010, 3958]",4,,,./data/CBIS-DDSM/Mass-Training_P_01829_LEFT_MLO/07-20-2016-DDSM-46801/1.000000-full mammogram images-28218/1-1.dcm,./data/CBIS-DDSM/Mass-Training_P_01829_LEFT_MLO_1/07-21-2016-DDSM-90433/1.000000-ROI mask images-46968/1-2.dcm,MG,1,benign,P_01829,left,3,mlo,P_01829_LEFT_MLO_mass_1,CIRCUMSCRIBED,ROUND,
1902,1,mass,digitized,0,"[194, 2162, 1345, 3313]",2,,,./data/CBIS-DDSM/Mass-Training_P_01831_RIGHT_CC/07-20-2016-DDSM-40009/1.000000-full mammogram images-71383/1-1.dcm,./data/CBIS-DDSM/Mass-Training_P_01831_RIGHT_CC_1/07-21-2016-DDSM-96388/1.000000-ROI mask images-94818/1-1.dcm,MG,1,benign,P_01831,right,4,cc,P_01831_RIGHT_CC_mass_1,OBSCURED,OVAL,
3073,1,mass,digitized,0,"[239, 2419, 1390, 3570]",2,,,./data/CBIS-DDSM/Mass-Training_P_01831_RIGHT_MLO/07-20-2016-DDSM-74905/1.000000-full mammogram images-85467/1-1.dcm,./data/CBIS-DDSM/Mass-Training_P_01831_RIGHT_MLO_1/07-21-2016-DDSM-16785/1.000000-ROI mask images-83168/1-1.dcm,MG,1,benign,P_01831,right,4,mlo,P_01831_RIGHT_MLO_mass_1,OBSCURED,OVAL,
946,1,mass,digitized,5,"[1540, 1347, 2692, 2499]",2,,,./data/CBIS-DDSM/Mass-Test_P_01833_RIGHT_MLO/10-04-2016-DDSM-82884/1.000000-full mammogram images-77852/1-1.dcm,./data/CBIS-DDSM/Mass-Test_P_01833_RIGHT_MLO_1/10-04-2016-DDSM-70652/1.000000-ROI mask images-84798/1-2.dcm,MG,1,malignant,P_01833,right,5,mlo,P_01833_RIGHT_MLO_mass_1,ILL_DEFINED,IRREGULAR,
3048,1,mass,digitized,4,"[0, 1265, 1048, 2417]",4,,,./data/CBIS-DDSM/Mass-Training_P_01860_RIGHT_CC/07-20-2016-DDSM-69131/1.000000-full mammogram images-98068/1-1.dcm,./data/CBIS-DDSM/Mass-Training_P_01860_RIGHT_CC_1/07-21-2016-DDSM-00957/1.000000-ROI mask images-21608/1-1.dcm,MG,1,malignant,P_01860,right,1,cc,P_01860_RIGHT_CC_mass_1,SPICULATED,ARCHITECTURAL_DISTORTION,
2369,1,mass,digitized,5,"[1144, 1644, 2041, 2795]",3,,,./data/CBIS-DDSM/Mass-Test_P_01912_RIGHT_CC/10-04-2016-DDSM-59644/1.000000-full mammogram images-23281/1-1.dcm,./data/CBIS-DDSM/Mass-Test_P_01912_RIGHT_CC_1/10-04-2016-DDSM-61275/1.000000-ROI mask images-45359/1-2.dcm,MG,1,malignant,P_01912,right,4,cc,P_01912_RIGHT_CC_mass_1,SPICULATED,IRREGULAR,
3549,1,mass,digitized,5,"[1173, 2080, 2324, 3232]",3,,,./data/CBIS-DDSM/Mass-Test_P_01912_RIGHT_MLO/10-04-2016-DDSM-46673/1.000000-full mammogram images-74983/1-1.dcm,./data/CBIS-DDSM/Mass-Test_P_01912_RIGHT_MLO_1/10-04-2016-DDSM-41042/1.000000-ROI mask images-74314/1-2.dcm,MG,1,malignant,P_01912,right,4,mlo,P_01912_RIGHT_MLO_mass_1,SPICULATED,IRREGULAR,
2519,1,mass,digitized,3,"[919, 2551, 2071, 3702]",2,,,./data/CBIS-DDSM/Mass-Training_P_01983_LEFT_MLO/07-20-2016-DDSM-67431/1.000000-full mammogram images-43230/1-1.dcm,./data/CBIS-DDSM/Mass-Training_P_01983_LEFT_MLO_1/07-21-2016-DDSM-58217/1.000000-ROI mask images-00908/1-1.dcm,MG,1,malignant,P_01983,left,5,mlo,P_01983_LEFT_MLO_mass_1,SPICULATED,OVAL,
3230,1,mass,digitized,3,"[1386, 1889, 2538, 3040]",2,,,./data/CBIS-DDSM/Mass-Training_P_02079_RIGHT_CC/07-20-2016-DDSM-39196/1.000000-full mammogram images-39589/1-1.dcm,./data/CBIS-DDSM/Mass-Training_P_02079_RIGHT_CC_1/07-21-2016-DDSM-33316/1.000000-ROI mask images-40323/1-1.dcm,MG,1,malignant,P_02079,right,5,cc,P_02079_RIGHT_CC_mass_1,SPICULATED,ROUND,
363,1,mass,digitized,3,"[923, 1980, 2075, 3132]",2,,,./data/CBIS-DDSM/Mass-Training_P_02079_RIGHT_MLO/07-20-2016-DDSM-29838/1.000000-full mammogram images-90663/1-1.dcm,./data/CBIS-DDSM/Mass-Training_P_02079_RIGHT_MLO_1/07-21-2016-DDSM-43229/1.000000-ROI mask images-63460/1-1.dcm,MG,1,malignant,P_02079,right,5,mlo,P_02079_RIGHT_MLO_mass_1,SPICULATED,ROUND,
